Rank,Country,Cost of Living Index,Rent Index,Cost of Living Plus Rent Index,Groceries Index,Restaurant Price Index,Local Purchasing Power Index,Year
1,Bermuda,145.07,92.86,120.13,141.77,157.7,83.43,2021
2,Switzerland,131.75,55.05,95.1,133.36,126.08,110.96,2021
3,Norway,106.09,36.18,72.68,100.59,105.9,79.43,2021
4,Iceland,96.77,43.17,71.16,88.84,102.24,71.88,2021
5,Denmark,91.67,36.18,65.16,72.62,104.92,94.73,2021
6,Luxembourg,88.28,61.62,75.54,80.71,94.66,95.38,2021
7,Japan,87.77,28.03,59.23,90.47,49.74,76.53,2021
8,Israel,86.63,31.9,60.48,73.68,91.1,70.36,2021
9,Bahamas,85.85,34.54,61.33,69.35,89.29,49.31,2021
10,Singapore,85.59,64.77,75.64,75.31,62.07,83.62,2021
11,Australia,84.14,38.38,62.28,81.14,76.28,99.29,2021
12,Ireland,83.11,45.42,65.1,67.8,82.34,73.84,2021
13,Barbados,81.49,21.09,52.63,71.51,72.85,45.34,2021
14,South Korea,81.2,22.91,53.35,99.84,43.98,76.6,2021
15,France,80.62,27.79,55.38,77.46,75.48,74.06,2021
16,Hong Kong,79.94,74.24,77.22,81.73,58.6,62.45,2021
17,Sweden,79.17,28.08,54.76,71.67,77.23,90.55,2021
18,New Zealand,79.14,35.38,58.23,75.03,69.18,81.44,2021
19,Seychelles,78.92,34.32,57.61,78.56,84.24,18.03,2021
20,Netherlands,78.64,39.31,59.85,61.63,81.62,83.89,2021
21,Belgium,78.52,26.84,53.83,67.33,82.4,76.54,2021
22,Finland,77.46,28.04,53.85,65.6,81.22,89.05,2021
23,Lebanon,75.88,24.08,51.13,72.51,62.89,29.49,2021
24,Austria,75.49,28.42,53,67.62,70.98,78.23,2021
25,Malta,73.61,32.96,54.19,63.41,77.04,41.89,2021
26,Italy,73.11,22.91,49.13,62.46,75.6,58.7,2021
27,United States,71.92,41.14,57.21,70.24,69.42,102.58,2021
28,United Kingdom,71.03,31.61,52.19,56.38,74.69,82.56,2021
29,Germany,70.62,29.64,51.04,54.69,65,93.72,2021
30,Canada,70.08,32.48,52.12,68.5,63.96,82.76,2021
31,Macao,69.6,44.39,57.56,66.28,48.93,67.6,2021
32,Puerto Rico,69.51,19.42,45.58,72.13,58.12,69.22,2021
33,Taiwan,65.25,17.92,42.64,79.11,28.8,56.08,2021
34,Qatar,64.23,46.59,55.8,56.72,62.58,93.12,2021
35,Cyprus,64.05,22.7,44.29,51.68,66.31,52.34,2021
36,United Arab Emirates,61.67,40.62,51.61,48.84,61.25,85.74,2021
37,Greece,60.96,13.05,38.07,47.66,55.71,38.95,2021
38,Slovenia,59.38,18.88,40.03,51.46,47.86,56.14,2021
39,Spain,59.09,23.59,42.13,48.74,56.99,62.68,2021
40,Bahrain,57.7,29.53,44.24,46.96,52.27,53.24,2021
41,Estonia,56.45,16.27,37.25,43.35,56.27,61.22,2021
42,Croatia,56.36,14.94,36.57,49.1,46.13,43.13,2021
43,Palestine,55.88,9.98,33.95,50.24,36.21,39.1,2021
44,Cuba,55.54,14.89,36.12,46.93,32.85,1.42,2021
45,Trinidad And Tobago,55.48,16.44,36.83,53.09,52.21,39,2021
46,Ivory Coast,54.61,20.26,38.2,47.15,34.5,6.32,2021
47,Ethiopia,54.3,15.59,35.8,37.47,18.17,10.1,2021
48,Panama,54.07,22.58,39.02,54.77,45.48,32.05,2021
49,Jamaica,53.16,15.93,35.37,55.94,33.12,32.21,2021
50,Portugal,52.88,22.31,38.27,42.01,43.24,44.96,2021
51,Latvia,52.87,13.17,33.9,41.36,44.92,45.94,2021
52,Mauritius,52.57,12.32,33.34,54.15,37.56,27.38,2021
53,Belize,52.45,11.56,32.91,47.82,36.1,45.71,2021
54,Jordan,52.17,9.69,31.87,42.76,42.08,33.13,2021
55,Suriname,51.86,10.42,32.06,50.39,62.59,16.47,2021
56,Zimbabwe,51.52,9.44,31.41,45.56,39.29,22.1,2021
57,Yemen,51.46,6.21,29.84,61.17,23.62,14.75,2021
58,Uruguay,51.09,13.56,33.16,40.83,48.95,30.62,2021
59,Costa Rica,50.64,14.52,33.38,48.03,41.33,39.01,2021
60,Oman,50.18,17.32,34.48,46.9,41.88,84.45,2021
61,Saudi Arabia,49.95,11.64,31.64,41.74,31.98,88.18,2021
62,Kuwait,49.4,31.43,40.82,35.87,45.12,75.32,2021
63,Brunei,49.35,23.44,36.97,47.21,35.86,89.03,2021
64,Chile,49.33,14.66,32.76,41.82,45.96,33.33,2021
65,Thailand,49.32,16.33,33.56,50.64,24.19,31.36,2021
66,Czech Republic,49.18,19.81,35.15,42.76,34.68,56.4,2021
67,Slovakia,49.08,17.43,33.96,42.96,37.47,50.39,2021
68,Fiji,48.54,17.77,33.84,53.43,38.55,30.04,2021
69,Cambodia,47.91,14.56,31.98,48.64,23.1,11.4,2021
70,Lithuania,47.66,14.63,31.88,37.28,45.96,54.6,2021
71,Guatemala,44.76,15.24,30.66,41.68,32.45,25.64,2021
72,El Salvador,44.57,13.33,29.64,42.69,33.33,20.72,2021
73,Nicaragua,42.77,7.99,26.15,41.07,29.47,16.69,2021
74,Hungary,42.75,12.75,28.42,35.46,34.24,49.81,2021
75,Cameroon,42.57,7.42,25.78,42.88,24.67,15.37,2021
76,China,42.54,16.42,30.06,45.49,28.4,57.47,2021
77,Honduras,42.2,10.63,27.12,35.13,28.73,31.06,2021
78,Poland,42.04,18.09,30.6,33.45,35.38,47.09,2021
79,South Africa,41.69,15.94,29.38,34.59,37.22,72.92,2021
80,Dominican Republic,41.54,9.81,26.38,36.12,35.28,21.72,2021
81,Montenegro,41.43,11.75,27.25,32.55,32.54,35.36,2021
82,Iran,41.34,17.88,30.13,36.26,25.85,19,2021
83,Namibia,41.02,14.29,28.25,35.67,35.58,53.28,2021
84,Bulgaria,40.92,9.88,26.09,35.24,31.88,40.26,2021
85,Philippines,40.65,10.41,26.2,38.91,22.16,19.71,2021
86,Ghana,40.63,18.44,30.02,41.21,31.53,15.19,2021
87,Botswana,40.41,10.74,26.23,34.64,41.52,61.95,2021
88,Albania,40.25,9.21,25.42,32.73,30.71,26.58,2021
89,Ecuador,40.08,12.03,26.68,36.42,28.55,30.54,2021
90,Malaysia,39.51,10.77,25.78,40.2,21.71,56.1,2021
91,Serbia,39.19,9.83,25.17,29.68,30.59,35.83,2021
92,Bosnia And Herzegovina,38.56,7.13,23.54,31.84,25.7,42.56,2021
93,Romania,38.5,10.76,25.25,33.45,32.38,45.19,2021
94,Myanmar,38.06,21.71,30.25,39.59,21.22,10.67,2021
95,Vietnam,38.05,14.16,26.63,38.32,19.03,27.26,2021
96,Argentina,37.87,8.49,23.83,29.2,33.39,34.56,2021
97,Indonesia,37.44,10.29,24.47,39.4,17.99,20.89,2021
98,Somalia,37.42,5.9,22.36,44.46,26.73,27.23,2021
99,Morocco,36.85,9.72,23.89,32.78,26.33,32.17,2021
100,Kenya,36.3,9.17,23.33,33.38,30.5,27.67,2021
101,Peru,36.26,12.25,24.79,33.83,23.56,28.81,2021
102,Bolivia,36.11,10.76,23.99,31.94,25.24,37.23,2021
103,Mozambique,35.89,15.12,25.97,29.07,29.28,16.4,2021
104,Mexico,35.05,11.62,23.86,33.64,28.92,35.54,2021
105,Tanzania,34.6,13.11,24.33,30.62,25.16,16.05,2021
106,North Macedonia,34.15,6.72,21.04,28.46,22.46,31.97,2021
107,Rwanda,34.07,14.92,24.92,28.51,28.54,21.97,2021
108,Bangladesh,33.31,4.9,19.74,31.49,20.39,24.07,2021
109,Mongolia,33.17,9.91,22.05,33.11,23.35,28.09,2021
110,Russia,33.17,9.77,21.99,27.81,30.65,34.61,2021
111,Iraq,32.72,9.76,21.75,27.48,25.64,39.75,2021
112,Moldova,32.68,8.65,21.2,26.07,26.59,26.99,2021
113,Uganda,32.18,7.29,20.29,28.93,22,13.97,2021
114,Brazil,31.82,8.12,20.5,25.41,22.55,28.66,2021
115,Armenia,31.68,10.36,21.5,24.56,27.25,26.13,2021
116,Turkey,31.48,6.1,19.35,28.11,19.91,35.35,2021
117,Sri Lanka,31.28,8.54,20.42,36.47,16.54,20.77,2021
118,Colombia,31,9.96,20.94,26.28,21.8,26.13,2021
119,Azerbaijan,30.9,9.02,20.45,26.23,28.66,25.77,2021
120,Paraguay,30.72,9.77,20.71,24.55,24.34,27.51,2021
121,Belarus,30.69,9.19,20.42,26.57,31.03,31.96,2021
122,Egypt,30.1,5.97,18.57,26.53,24.91,19.99,2021
123,Kazakhstan,29.76,9.31,19.99,25.61,25.8,34.92,2021
124,Nigeria,29.74,28.91,29.34,31.23,17.97,9.78,2021
125,Tunisia,29.5,5.77,18.16,28.48,15.75,27.81,2021
126,Kosovo (Disputed Territory),29.4,8.8,19.56,26.86,21.1,40.14,2021
127,Ukraine,29.21,8.74,19.43,24.34,23.72,30.1,2021
128,Syria,29.03,5.68,17.87,28.38,23.48,8.08,2021
129,Nepal,28.86,4.54,17.24,26.45,19.68,20.63,2021
130,Algeria,28.31,5.01,17.18,29.09,14.98,24.77,2021
131,Zambia,28.06,6.75,17.88,27.12,16.18,59.47,2021
132,Georgia,28.05,9.42,19.15,24.37,24.22,25.67,2021
133,Uzbekistan,27.12,8.06,18.01,23.91,21.43,21.96,2021
134,Afghanistan,26.33,3.85,15.59,19.3,16.98,26.58,2021
135,India,25.16,5.77,15.9,26.26,17.66,47.13,2021
136,Kyrgyzstan,22.98,7.43,15.55,20.57,19.19,22.01,2021
137,Libya,22.32,5.68,14.37,25.3,13.31,31.81,2021
138,Pakistan,21.59,4.37,13.36,19.06,17.24,27.28,2021
1,Switzerland,122.4,50.25,87.89,120.27,123.01,119.53,2020
2,Norway,101.43,36.15,70.21,91.14,109.28,88.38,2020
3,Iceland,100.48,46.95,74.88,86.89,113.74,79.44,2020
4,Japan,83.35,25.97,55.9,81.82,48.95,87.28,2020
5,Denmark,83,31.92,58.57,61.74,100.75,100.88,2020
6,Bahamas,82.51,36.36,60.43,62.65,83.66,54.18,2020
7,Luxembourg,81.89,54.92,68.99,69.1,89.85,103.92,2020
8,Israel,81.15,31.33,57.32,66.31,88.65,78.09,2020
9,Singapore,81.1,63.27,72.58,66.75,58.99,88.96,2020
10,South Korea,78.18,22.86,51.72,91.31,44.87,85.21,2020
11,Hong Kong,77.22,79.57,78.35,75.94,54.36,65.32,2020
12,Barbados,76.02,19.7,49.08,65.2,68.14,51.1,2020
13,Ireland,75.91,43.88,60.59,58.35,81.24,80.88,2020
14,France,74.14,25.39,50.82,67.9,72.54,80.36,2020
15,Netherlands,73.75,35.18,55.3,55.87,80.48,90.73,2020
16,Australia,73.54,34.86,55.04,67.23,70.32,107.31,2020
17,New Zealand,72.53,32.09,53.19,64.69,68.8,92.66,2020
18,Belgium,71.78,25.43,49.61,58.66,80.14,86.28,2020
19,Seychelles,71.59,32.34,52.81,64.61,84.86,21.67,2020
20,United States,71.05,40.32,56.36,66.61,70.74,109.52,2020
21,Austria,70.38,26.81,49.54,61.73,68.09,82.38,2020
22,Finland,70.29,26.16,49.18,56.52,76.81,99.93,2020
23,Sweden,69.85,25.9,48.83,60.47,72.35,101.73,2020
24,Canada,67.62,30.73,49.98,63.68,63.53,95.09,2020
25,Puerto Rico,67.54,19.29,44.46,65.76,58.68,79.38,2020
26,Malta,67.46,31.04,50.04,54.9,75.94,46.32,2020
27,United Kingdom,67.28,29.85,49.38,51.27,74.13,91.73,2020
28,Italy,67.26,21.22,45.24,55.44,72.32,65.59,2020
29,Germany,65.26,27.06,46.99,49.23,61.58,102.36,2020
30,Macao,64.84,43.98,54.87,62,43.37,80.9,2020
31,Qatar,64.04,47.44,56.1,53.61,66.83,111.69,2020
32,United Arab Emirates,61.98,41.07,51.98,47.63,61.32,91.58,2020
33,Taiwan,61.37,16.42,39.87,71.51,28.49,65.67,2020
34,Lebanon,60.5,24.54,43.3,43.92,58.16,44.47,2020
35,Bahrain,58.94,30.95,45.55,48.11,54.55,57.88,2020
36,Cyprus,57.93,20.54,40.05,44.21,63.11,57.41,2020
37,Jamaica,57.82,15.25,37.46,58.96,38.12,32.37,2020
38,Greece,55.67,11.68,34.62,41.63,53.74,43.68,2020
39,Zimbabwe,55.3,11.02,34.12,50.8,40.79,26.03,2020
40,Palestine,54.54,8.83,32.68,46.67,38.93,46.91,2020
41,Ethiopia,54.39,20.9,38.37,36.3,19.37,8.34,2020
42,Panama,54.16,24.76,40.09,53.03,47.27,34.23,2020
43,Costa Rica,53.98,15.55,35.6,49.6,43.51,42.61,2020
44,Spain,53.77,21.77,38.46,42.38,52.07,72.03,2020
45,Trinidad And Tobago,53.7,17.26,36.27,49.43,49.83,45.7,2020
46,Jordan,53.67,11.54,33.52,43.32,47.12,34.88,2020
47,Slovenia,53.43,17.09,36.05,43.76,45.43,66.31,2020
48,Mauritius,53.04,11.99,33.41,48.94,43.96,30.88,2020
49,Uruguay,51.04,14.43,33.53,40.12,47.41,37.46,2020
50,Estonia,50.93,15.41,33.94,36.57,52.94,71.3,2020
51,Kuwait,50.37,31.21,41.21,34.68,47.08,85.59,2020
52,Thailand,49.77,17.1,34.14,49.2,24.9,35.45,2020
53,Croatia,49.7,13.5,32.38,39.9,42.44,50.42,2020
54,Portugal,49.52,21.81,36.27,38.14,42.48,49.43,2020
55,Oman,49.28,17.98,34.31,43.5,44.26,80.97,2020
56,Belize,49.23,9.74,30.34,41.89,37.05,57.53,2020
57,Saudi Arabia,48.34,11.39,30.67,37.89,33.51,100,2020
58,Latvia,47.94,12.34,30.91,34.85,42.88,52.48,2020
59,Cambodia,47.49,14.9,31.9,44.56,25.19,11.29,2020
60,Fiji,47.48,18.55,33.64,52.67,35.87,33.17,2020
61,Czech Republic,46.15,19.56,33.43,38.13,34.1,62.82,2020
62,El Salvador,45.57,13.48,30.22,43.67,34.8,24.71,2020
63,Brunei,44.71,23.08,34.36,37.11,38.06,86.95,2020
64,Nicaragua,44.56,7.61,26.88,41.71,31.41,23.92,2020
65,Slovakia,44.46,16.11,30.9,37.51,33.82,56.94,2020
66,Lithuania,44.28,13.65,29.63,33.63,42.7,57.85,2020
67,Dominican Republic,44.06,10.62,28.06,35.93,38.27,23.95,2020
68,Chile,43.62,13.39,29.16,36.45,41.57,42.5,2020
69,Cuba,43.46,4.84,24.99,37.4,30.95,2.18,2020
70,Suriname,43.14,7.79,26.23,45.78,34.98,22.39,2020
71,Namibia,43.1,16.12,30.19,36.8,39.22,55.65,2020
72,South Africa,42.87,16.61,30.31,33.29,40.58,73.61,2020
73,Guatemala,42.7,15.29,29.59,37.41,33,39.83,2020
74,Honduras,42.17,10.6,27.07,33.33,30.55,30.26,2020
75,Myanmar,42.11,23.78,33.35,44.68,19.04,10.22,2020
76,Ecuador,40.98,11.96,27.1,35.46,30.66,36.08,2020
77,Hungary,40.85,13.97,27.99,30.77,34.46,47.55,2020
78,Brazil,40.22,10.65,26.08,29.2,30.78,32.81,2020
79,Kenya,40.21,10.73,26.11,35.35,35.06,27.32,2020
80,China,40.04,16.38,28.72,40.37,29.16,60.88,2020
81,Poland,40.04,15.67,28.38,30.55,33.45,59.61,2020
82,Russia,39.21,11.36,25.89,31.08,39.61,38.94,2020
83,Botswana,39.13,11.12,25.73,31.74,39.98,58.1,2020
84,Malaysia,39.12,11,25.67,37.58,22.94,64.49,2020
85,Iraq,39.04,11.28,25.76,31.85,32.72,42.43,2020
86,Iran,39.01,14.48,27.28,35.54,25.12,22.69,2020
87,Somalia,38.68,4.75,22.45,45.88,27.04,33.24,2020
88,Peru,38.65,12.78,26.28,33.8,24.69,33.95,2020
89,Vietnam,38.34,13.57,26.5,37.06,19.59,28.14,2020
90,Montenegro,38.23,10.38,24.91,28.63,33.16,39.8,2020
91,Ghana,37.65,19.41,28.93,37.17,26.59,14.66,2020
92,Philippines,37.63,9,23.94,33.46,20.84,23.48,2020
93,Indonesia,37.27,10.62,24.52,37.36,18.25,25.05,2020
94,Bulgaria,36.7,9.64,23.75,30.09,29.14,49.37,2020
95,Albania,36.39,8.55,23.07,28.39,26.75,29.56,2020
96,Bosnia And Herzegovina,35.97,6.72,21.97,28.08,25.1,41.83,2020
97,Mexico,35.72,11.46,24.11,32.39,32.12,41.81,2020
98,Serbia,35.72,9.08,22.98,25.46,28.63,36.72,2020
99,Romania,35.31,10.05,23.22,29.03,30.5,48.86,2020
100,Tanzania,35.25,14.04,25.11,29.66,22.57,17.58,2020
101,Belarus,34.7,10.5,23.13,28.06,38.94,37,2020
102,Turkey,34.69,6.78,21.34,29.76,24.16,40.85,2020
103,Bolivia,34.56,10.93,23.26,28.09,25.11,39.34,2020
104,Morocco,34.32,8.94,22.18,30.11,24.5,35.25,2020
105,Moldova,33.7,8.4,21.6,25.96,27.79,27.57,2020
106,Rwanda,33.35,11.88,23.08,26.83,29.17,19.32,2020
107,Ukraine,33.18,10.46,22.31,26.01,26.42,31.8,2020
108,Argentina,32.95,8.33,21.17,25.82,30.52,47.22,2020
109,Armenia,32.84,10.91,22.35,25.61,30.43,28,2020
110,Bangladesh,32.25,5.01,19.22,29.72,19.21,33.21,2020
111,Zambia,31.72,7.39,20.08,26.86,22.07,54.14,2020
112,Sri Lanka,31.61,7.74,20.2,35.09,18.76,24.45,2020
113,North Macedonia,31.59,6.49,19.58,24.94,23.31,37.15,2020
114,Paraguay,31.1,9.66,20.85,25.03,25.01,32.6,2020
115,Nigeria,31,23.59,27.45,31.15,17.71,13.52,2020
116,Colombia,30.66,9.58,20.58,25.05,22.44,31.12,2020
117,Kazakhstan,30.64,9.78,20.66,24.31,29.87,38.36,2020
118,Uganda,30.18,10.15,20.6,25.25,22.14,20.5,2020
119,Algeria,30.1,5.34,18.26,30.71,15.89,28.69,2020
120,Azerbaijan,29.92,9.48,20.15,23.74,30.36,30.2,2020
121,Egypt,29.54,5.49,18.04,25.5,23.53,22.41,2020
122,Nepal,29.05,4.77,17.44,24.91,20.36,21.9,2020
123,Georgia,28.48,9.8,19.54,23.05,26.66,24.88,2020
124,Kosovo (Disputed Territory),28.47,8.47,18.91,26.53,21.04,48.9,2020
125,Venezuela,27.17,6.81,17.43,28.29,24.41,2.61,2020
126,Tunisia,27.04,5.51,16.74,25.25,14.95,34.45,2020
127,Kyrgyzstan,26.97,9.18,18.46,23.39,21.45,24.98,2020
128,Uzbekistan,26.01,7.54,17.18,21.59,20.17,24.31,2020
129,Syria,25.31,5.68,15.92,22.42,21.38,11.46,2020
130,India,24.58,5.68,15.54,24.55,17.17,54.3,2020
131,Afghanistan,24.24,4.03,14.58,17.7,17.38,28.2,2020
132,Pakistan,21.98,4.59,13.66,19.08,16.78,30.57,2020
1,Switzerland,121.16,50.25,87.11,120.81,123.09,129.7,2019
2,Iceland,101.86,48.28,76.13,92.1,111.85,91.8,2019
3,Norway,100.99,37.28,70.4,92.67,111.53,103.61,2019
4,Bahamas,92.4,33.49,64.11,76.97,99.92,57.01,2019
5,Luxembourg,86.09,55.64,71.47,75.1,96.08,106.26,2019
6,Japan,83.33,27.97,56.75,83.58,48.75,103.12,2019
7,Denmark,81.38,32.91,58.11,63.62,95.14,114.39,2019
8,Hong Kong,78.14,76.83,77.51,80.3,56.08,69.34,2019
9,South Korea,76.93,22.23,50.66,89.7,44.84,103.4,2019
10,Ireland,75.35,41.8,59.24,59.1,82.65,95.09,2019
11,France,74.85,26.25,51.51,68.31,75.37,91.55,2019
12,Netherlands,74.83,34.74,55.58,58.8,83.49,102.54,2019
13,Israel,74.28,29.42,52.74,61.92,80.83,92.48,2019
14,Belgium,72.97,25.81,50.32,60.86,83.4,95.09,2019
15,Finland,72.82,26.14,50.4,60.02,77.91,112.3,2019
16,New Zealand,72.62,31.64,52.94,65.71,68.78,101.09,2019
17,Australia,72.08,35.5,54.52,66.9,70.69,122.85,2019
18,Austria,71.79,27.63,50.58,65.63,70.08,96.7,2019
19,Sweden,71.55,26.05,49.7,63.45,75.04,111.38,2019
20,United States,69.91,38.98,55.06,67.44,69.33,122.03,2019
21,Singapore,69.79,53.1,61.77,57.48,46.75,103.77,2019
22,Italy,69.25,21.68,46.4,58.34,75.72,77.49,2019
23,Germany,67.62,26.85,48.04,54.27,63.56,116.2,2019
24,United Kingdom,65.28,28.6,47.66,51.85,72.37,105.73,2019
25,Canada,65.01,28.32,47.39,62.37,61.81,109.44,2019
26,Puerto Rico,63.84,17.96,41.81,61.66,54.82,98.39,2019
27,Malta,63.32,28.68,46.69,51.23,67.28,59.67,2019
28,Taiwan,59.84,23.37,42.33,69.61,26.88,56.36,2019
29,Qatar,59.09,46.56,53.07,47.72,61.95,138.29,2019
30,Jamaica,58.8,14.74,37.64,58.84,42.26,34.69,2019
31,Lebanon,58.06,26.92,43.11,43.28,56.79,53.97,2019
32,Uruguay,57.31,16.21,37.57,45.11,56.28,47.77,2019
33,Bahrain,56.71,29.56,43.67,51.16,52.21,74.61,2019
34,Greece,56.66,10.8,34.64,43.69,54.76,49.57,2019
35,United Arab Emirates,56.16,40.98,48.87,43.16,53.88,119.6,2019
36,Cyprus,55.57,20.23,38.6,44.32,59.76,75.29,2019
37,Jordan,54.98,11.87,34.28,44.43,52.28,41.73,2019
38,Spain,54.7,20.73,38.39,44.02,54.13,83.8,2019
39,Slovenia,52.51,15.36,34.67,43.27,43.83,75.38,2019
40,Mauritius,52.44,11.53,32.8,47.89,39.14,39.77,2019
41,Myanmar,52.38,24.72,39.09,54.76,20.24,13.98,2019
42,Trinidad And Tobago,52.07,17.13,35.29,50,46,56.97,2019
43,Zimbabwe,51.57,11.67,32.41,45.74,36.81,27.65,2019
44,Kuwait,51.48,32.94,42.58,39.88,47.35,102.01,2019
45,Panama,51.45,24.63,38.57,48.21,47.06,41.34,2019
46,Ghana,51.13,31.57,41.74,44.76,31.74,18.7,2019
47,Estonia,51.01,15.38,33.9,37.06,51.24,75.97,2019
48,Fiji,50.93,22.7,37.38,57.63,36.46,35.44,2019
49,Costa Rica,50.89,15.48,33.89,47.91,42.58,47.13,2019
50,Portugal,50.39,21.07,36.31,40.2,43.13,55.19,2019
51,Palestine,50.2,9,30.41,43.9,37.33,57.17,2019
52,Belize,49.45,8.81,29.93,42.86,36.66,70.85,2019
53,Latvia,49.23,12.02,31.36,36.65,45.47,55.16,2019
54,Croatia,49.18,11.6,31.13,40.33,40.36,60.33,2019
55,Chile,47.73,15.22,32.12,40.55,45.15,54.13,2019
56,Saudi Arabia,47.61,11.4,30.22,39.06,30.93,118.59,2019
57,Thailand,47.54,17.71,33.21,50,24.63,40.86,2019
58,Cambodia,46.8,14.44,31.26,44.15,24.44,12.46,2019
59,Oman,46.2,19.89,33.57,40.02,44.41,88.47,2019
60,El Salvador,46.11,14.19,30.78,45.57,35.55,30.09,2019
61,Lithuania,45.91,12.9,30.06,35.36,43.95,60.34,2019
62,Nicaragua,45.83,9.54,28.4,46.36,31.14,24.52,2019
63,Czech Republic,45.12,18.27,32.23,38.08,33.25,71.32,2019
64,Slovakia,44.98,16.13,31.13,38.5,33.64,63.24,2019
65,Dominican Republic,44.92,10.21,28.25,35.68,42.43,26.02,2019
66,Namibia,43.22,17.46,30.85,39.92,38.59,63.6,2019
67,Brazil,42.8,11.46,27.75,31.3,34.85,37.43,2019
68,South Africa,42.49,16.5,30.01,33.88,40.79,82.97,2019
69,Honduras,42.1,10.76,27.05,33.57,31.52,35.22,2019
70,Hungary,42.03,13.64,28.4,32.36,33.43,54.66,2019
71,Ecuador,41.98,11.61,27.4,37.87,29.43,40.84,2019
72,Guatemala,41.74,13.93,28.39,38.02,32.28,41.79,2019
73,Cuba,40.5,8.11,24.95,34.3,28.29,2.47,2019
74,Iraq,39.62,11.46,26.1,34.1,31.85,47.61,2019
75,Montenegro,39.61,9.95,25.37,30.75,34.25,46.28,2019
76,Malaysia,39.38,10.92,25.71,39.7,22.75,73.14,2019
77,China,39.24,17.36,28.73,39.93,28.18,68.95,2019
78,Poland,39.13,14.92,27.5,30.66,32.72,70,2019
79,Kenya,38.21,10.05,24.69,33.23,31.22,32.46,2019
80,Vietnam,37.7,13.1,25.88,37.87,18.89,33.33,2019
81,Bulgaria,37.17,9.15,23.72,31.15,29.86,52.18,2019
82,Peru,37.17,11.96,25.06,32.69,23.68,37.47,2019
83,Romania,36.45,10,23.75,29.88,32.26,61.16,2019
84,Indonesia,36.24,8.43,22.88,38.14,18.02,32.95,2019
85,Albania,36.17,8.21,22.74,28.59,29.34,33.81,2019
86,Iran,35.8,16.92,26.73,32.63,26.88,37.74,2019
87,Bosnia And Herzegovina,35.72,6.32,21.6,28.81,23.78,49.18,2019
88,Russia,35.52,12.68,24.55,29.18,37,45.38,2019
89,Serbia,35.39,8.08,22.27,26.3,27.84,39.9,2019
90,Turkey,35.21,7.23,21.78,30.45,23.65,45.33,2019
91,Philippines,35.09,8.09,22.12,32.61,19.67,29.46,2019
92,Tanzania,34.74,16.03,25.76,28.59,25.15,22.71,2019
93,Bolivia,34.37,10.88,23.09,26.9,27.96,44.05,2019
94,Morocco,33.98,9.48,22.21,29.85,23.85,41.4,2019
95,Belarus,33.12,9.96,22,27.77,35.98,44.64,2019
96,Argentina,33.09,9.48,21.75,26.25,32.5,55,2019
97,Mexico,32.71,10.06,21.83,30.3,30.23,49.98,2019
98,Armenia,32.51,9.9,21.65,25.77,32.53,33.06,2019
99,Paraguay,32.27,9.38,21.28,26.03,25.75,35.57,2019
100,Moldova,32.26,7.97,20.6,24.97,27.71,30.75,2019
101,Bangladesh,31.83,5.44,19.16,29.52,18.97,39.82,2019
102,North Macedonia,31.58,6.47,19.52,24.85,23.67,39.83,2019
103,Nigeria,31.25,28.97,30.15,31.76,19.2,15.13,2019
104,Algeria,30.56,5.51,18.53,32,16.38,32.93,2019
105,Uganda,30.25,8.51,19.81,26.09,21.9,22.72,2019
106,Sri Lanka,30.24,7.57,19.36,33.57,17.36,27.34,2019
107,Colombia,30.15,9.17,20.07,24.33,22.46,34.66,2019
108,Kazakhstan,29.83,9.78,20.2,23.75,29.83,38.83,2019
109,Nepal,29.63,4.6,17.61,25.4,19.74,26.28,2019
110,Azerbaijan,29.12,8.72,19.32,24.08,30.67,32.01,2019
111,Georgia,28.78,8.53,19.05,23.39,27.09,33.19,2019
112,Ukraine,27.94,9.53,19.1,22.47,22.14,32.72,2019
113,Uzbekistan,27.11,8.27,18.06,23.9,21.14,25.09,2019
114,Egypt,26.46,5.01,16.16,23.19,22.26,23.67,2019
115,Kosovo (Disputed Territory),26.18,8.05,17.48,23.21,19.57,61.82,2019
116,Venezuela,25.73,5.89,16.2,27.58,21.98,3.71,2019
117,India,24.17,5.84,15.37,24.2,17.15,66.91,2019
118,Tunisia,23.69,4.96,14.69,22.27,13.33,37.99,2019
119,Pakistan,20.4,4.5,12.76,18.25,15.42,38.61,2019
1,Bermuda,144.88,100.71,123.57,143.42,151.59,104.24,2018
2,Switzerland,131.39,53.84,93.99,133.34,131.86,126.15,2018
3,Iceland,123.96,54.63,90.52,118.95,132.59,87.84,2018
4,Norway,113.7,40.85,78.57,106.52,125.04,107.95,2018
5,Bahamas,100.68,35.31,69.16,88.38,102.08,71.4,2018
6,Luxembourg,96.56,59.87,78.87,84.98,107.94,116.73,2018
7,Denmark,93.3,36.62,65.96,72.46,113.39,117.53,2018
8,Singapore,91.4,71.89,81.99,83.64,64.4,95.89,2018
9,Japan,86.58,25.6,57.17,91.58,49.16,107.35,2018
10,Israel,86.53,35.57,61.95,72.44,94.89,102.3,2018
11,Ireland,85.45,47.16,66.98,69.51,93.16,96.1,2018
12,Australia,84.3,41.85,63.83,80.66,81.57,122.98,2018
13,France,83.86,28.62,57.22,78.06,81.87,101.21,2018
14,Sweden,83.7,28.01,56.84,76.1,86.67,113.01,2018
15,New Zealand,83.41,33.79,59.48,76.98,79.05,98.61,2018
16,Belgium,83.35,28.05,56.68,72.79,93.25,98.91,2018
17,South Korea,82.94,23.39,54.22,99.67,48.98,109.36,2018
18,Netherlands,82.69,36.21,60.27,65.83,92.73,109.48,2018
19,Finland,81.7,29.72,56.63,68.78,86.89,119.42,2018
20,Austria,81.47,29.28,56.3,76.77,75.85,98.69,2018
21,Italy,79.06,23.14,52.09,68.05,84.74,81.07,2018
22,Hong Kong,78.72,79.54,79.12,83.47,56.17,82.86,2018
23,United Kingdom,75.85,33.4,55.38,60.96,83.87,108.54,2018
24,Germany,74.35,29.06,52.51,58.87,71.21,125.01,2018
25,United States,72.95,38.52,56.35,73.93,69.95,127.62,2018
26,Canada,72.48,30.82,52.38,71.44,68.7,118.92,2018
27,Malta,70.92,29.33,50.86,59.82,75.14,66.24,2018
28,United Arab Emirates,67.21,60.72,64.08,55.59,63.33,124.78,2018
29,Puerto Rico,66.99,18.69,43.7,66.25,55.72,103.77,2018
30,Uruguay,66.88,20.03,44.29,54.51,69.18,34.31,2018
31,Taiwan,65.42,15.06,41.13,79.24,28.86,106.38,2018
32,Qatar,65.37,65.33,65.35,57.5,64.8,125.05,2018
33,Greece,63.15,11.82,38.4,50.87,61.7,53.8,2018
34,Spain,61.75,22.23,42.69,51.28,60.56,90.67,2018
35,Jamaica,60.62,12.47,37.4,60.25,39.67,35.26,2018
36,Cyprus,60.32,15.44,38.68,49.67,65.36,94.78,2018
37,Lebanon,60.23,27.93,44.65,46.15,58.7,56.36,2018
38,Ghana,59.79,32.79,46.77,54.89,37.39,15.95,2018
39,Slovenia,59.65,15.5,38.36,50.78,48.93,80.33,2018
40,Bahrain,59.63,31.05,45.84,57.99,54.16,72.29,2018
41,Palestine,58.16,10.29,35.07,54.43,41.78,60.19,2018
42,Estonia,57.65,15.81,37.47,43.8,56.8,74.82,2018
43,Kuwait,56.9,36.33,46.98,43.97,48.48,100.58,2018
44,Costa Rica,56.2,17.65,37.61,55.56,45.89,54.7,2018
45,Portugal,55.86,20.39,38.75,45.47,46.83,61.97,2018
46,Chile,55.24,16.61,36.61,47.8,51.4,54.53,2018
47,Jordan,55.09,12.07,34.34,46.54,52.66,43.43,2018
48,Croatia,55.06,12.02,34.31,46.33,43.42,59.77,2018
49,Mauritius,55.04,13.33,34.92,49.51,39.37,46.66,2018
50,Trinidad And Tobago,54.57,18.76,37.3,53.37,50.33,54.91,2018
51,Argentina,53.74,13.84,34.5,44.64,53.69,60.15,2018
52,Latvia,53.42,13.35,34.1,42.47,48.05,53.1,2018
53,Lithuania,53.24,15.21,34.9,41.74,48.86,57.29,2018
54,Panama,52.41,26.59,39.96,53.04,44.3,39.12,2018
55,Brazil,51.33,13.89,33.27,39.69,41.21,41.56,2018
56,Slovakia,50.41,18.86,35.19,43.66,37.34,67.29,2018
57,Czech Republic,50.09,19.07,35.13,43.62,36.03,76.35,2018
58,Zimbabwe,49.54,12.29,31.57,44.3,37.66,27.29,2018
59,Oman,49.31,20.31,35.32,46.71,46.17,99.24,2018
60,Thailand,48.91,17.1,33.57,54.9,23.94,38.59,2018
61,Hungary,48.6,15.37,32.57,38.61,37.38,50.62,2018
62,South Africa,48.05,17.91,33.51,40.66,45.74,99.83,2018
63,Dominican Republic,47.9,10.3,29.77,41.87,43.65,27.43,2018
64,El Salvador,47.87,11.45,30.31,46.79,36.16,30.92,2018
65,Saudi Arabia,47.86,13.5,31.29,42.04,32.03,131.46,2018
66,Ethiopia,47.55,24.02,36.2,39.15,20.21,14.98,2018
67,Guatemala,46.87,14.59,31.3,44.62,36.81,41.3,2018
68,Zambia,46.49,19.5,33.47,40.41,33.5,101.26,2018
69,Cambodia,45.92,13.55,30.31,49.33,23.07,14.94,2018
70,Poland,45.2,16.63,31.42,35.85,37.7,74.42,2018
71,Tanzania,44.97,19,32.45,34.48,29.36,23.1,2018
72,Malaysia,44.73,11.52,28.72,48.21,23.22,72.98,2018
73,China,44.56,18.38,31.93,47.73,29.59,72.28,2018
74,Montenegro,44.41,10.85,28.22,35.75,38.08,48.68,2018
75,Ecuador,44.28,11.18,28.32,42.85,30.82,39.39,2018
76,Honduras,44.28,10.64,28.06,36.58,32.99,34.86,2018
77,Russia,43.89,16.61,30.73,35.9,45.91,51.11,2018
78,Iraq,43.88,12.84,28.91,37.67,38.4,51.2,2018
79,Turkey,41.8,10.38,26.65,36.17,31.23,53.78,2018
80,Bulgaria,41.21,9.81,26.06,35.2,33.61,54.44,2018
81,Indonesia,39.74,8.5,24.68,43.52,19.5,37.49,2018
82,Romania,39.71,10.85,25.79,32.83,33.28,66.2,2018
83,Peru,39.64,14.4,27.47,35.87,26.29,37.07,2018
84,Serbia,39.59,8.44,24.57,29.95,31.45,41.81,2018
85,Vietnam,39.44,15.11,27.71,39.09,19.96,30.09,2018
86,Bosnia And Herzegovina,39.26,6.94,23.68,33.76,26.68,52.4,2018
87,Kenya,38.72,8.67,24.23,36.57,31.61,32.06,2018
88,Albania,37.88,7.33,23.15,30.87,29.08,37.03,2018
89,Morocco,37.12,11.46,24.74,33.26,25.76,45.07,2018
90,Bolivia,36.53,9.87,23.67,28.84,28.52,44.68,2018
91,Philippines,35.99,8.04,22.51,34.3,20.94,34.02,2018
92,Colombia,35.29,10.13,23.16,29.52,26.68,38.59,2018
93,North Macedonia,34.84,6.91,21.37,28.73,23.64,42.55,2018
94,Nigeria,34.65,15.97,25.64,35.8,22.06,19.56,2018
95,Iran,34.56,15.9,25.56,31,27.27,45.6,2018
96,Sri Lanka,34.32,8.33,21.78,38.38,19.69,29.56,2018
97,Kazakhstan,34.25,11.23,23.15,28.06,35.41,40.75,2018
98,Belarus,34.06,10.58,22.74,27.91,35.76,41.32,2018
99,Mexico,33.56,9.51,21.96,32.18,29.48,58.18,2018
100,Armenia,33.45,8.81,21.57,27.75,31.21,31.78,2018
101,Moldova,33.1,8.75,21.36,26.64,23.52,29.27,2018
102,Uganda,32.67,6.83,20.21,28.32,23.17,21.39,2018
103,Nepal,32.62,4.43,19.02,30.18,19.03,25.33,2018
104,Venezuela,32.21,7.62,20.35,33.83,26.7,4,2018
105,Algeria,32.13,6.05,19.55,33.8,17.6,35.98,2018
106,Bangladesh,31.99,5.55,19.24,30.25,21.2,39.57,2018
107,Azerbaijan,30.62,9.5,20.43,27.43,30.59,28.71,2018
108,Georgia,29.66,9.76,20.06,24.59,29.15,35.5,2018
109,Kosovo (Disputed Territory),29.44,8.65,19.41,26.29,20.97,59.23,2018
110,Syria,27.81,5.12,16.87,26.23,22.16,11.32,2018
111,Tunisia,27.67,5.81,17.13,26.41,17.05,38.23,2018
112,India,26.88,6.77,17.18,27.46,18.34,79.27,2018
113,Ukraine,25.98,8.85,17.72,20.38,18.62,30.24,2018
114,Egypt,25.69,5.07,15.75,23.01,21.02,24.67,2018
115,Pakistan,25.08,5.29,15.54,23.81,19.02,41.11,2018
1,Bermuda,146.19,104.76,126.34,139.55,151.39,91.65,2017
2,Switzerland,122.06,56.57,90.68,122.72,119.85,95.35,2017
3,Iceland,111.71,46.53,80.47,103.88,119.74,77.62,2017
4,Norway,106.31,39.88,74.47,98.31,117.13,105.58,2017
5,Bahamas,104.05,40.59,73.63,103.52,89.95,34.76,2017
6,Us Virgin Islands,85.86,37.23,62.56,75.41,81.12,95.82,2017
7,Japan,85.28,27.56,57.62,89.92,47.83,102.52,2017
8,Italy,83.7,21.49,53.89,73.94,76.24,71.83,2017
9,Denmark,83.02,35.02,60.01,63.84,101.01,98.76,2017
10,Singapore,82.41,70.22,76.57,71.68,58.33,92.7,2017
11,New Zealand,80.77,33.8,58.26,73.13,77.46,89.87,2017
12,Australia,80.66,42.54,62.39,76.87,77.12,101.94,2017
13,Hong Kong,79.96,84.08,81.93,81.88,54.87,81.45,2017
14,Israel,77.74,28.44,54.11,65.39,81.35,94.47,2017
15,Luxembourg,77.28,49.95,64.18,65.94,87.3,97.4,2017
16,Ireland,76.98,40.64,59.56,62.21,81.38,103.52,2017
17,Sweden,75.88,26.86,52.39,67.94,78.27,107.23,2017
18,United States,75.42,40.3,58.59,75.57,70.02,123.17,2017
19,South Korea,75.41,22.02,49.82,88.52,44.62,102.38,2017
20,Belgium,75.36,29.64,53.44,65.77,82.34,91.02,2017
21,Kuwait,75.24,37.82,57.31,81.39,45.79,69.68,2017
22,France,74.89,24.83,50.9,69.54,72.89,87.29,2017
23,Finland,73.06,26.95,50.96,61.47,76.43,114.97,2017
24,Netherlands,72.47,32.45,53.29,55.95,82.27,86.52,2017
25,Austria,71.52,25.86,49.64,65.86,66.94,95.66,2017
26,Uruguay,70.29,18.57,45.5,56.82,67.62,32.86,2017
27,Canada,70.16,29.84,50.83,69.26,65.65,108.01,2017
28,Puerto Rico,69.59,19.55,45.61,66.84,63.26,83.05,2017
29,United Kingdom,69.49,30.98,51.03,55.85,76.84,96.85,2017
30,Qatar,69.2,66.81,68.06,56.09,72.73,111.28,2017
31,United Arab Emirates,67.98,68.84,68.39,55.36,63.92,116.77,2017
32,Germany,65.5,25.35,46.26,50.09,62.62,124.88,2017
33,Malta,62.8,23.2,43.82,52.83,66.89,68.09,2017
34,Macao,62.56,39,51.27,56.33,48.56,86.41,2017
35,Lebanon,61.65,30.89,46.91,46.92,60.23,53.61,2017
36,Taiwan,61.38,14.8,39.06,72.89,28.14,118.57,2017
37,Ghana,60.48,46.73,53.89,56.35,43.38,14.52,2017
38,Jordan,59.22,12.51,36.83,50.19,56.19,42.27,2017
39,Costa Rica,58.57,18.76,39.5,57.55,45.38,53.63,2017
40,Bahrain,57.78,31.64,45.26,55.45,49.24,94.78,2017
41,Jamaica,56.9,11.92,35.34,55.96,39.04,36.61,2017
42,Panama,56.88,31.86,44.89,57.44,47.42,38.48,2017
43,Trinidad And Tobago,56.15,21.09,39.35,53.54,51.94,57.14,2017
44,Greece,55.87,10.2,33.98,44.95,54.62,58.24,2017
45,Belize,55.8,11.35,34.5,49.35,33.41,134.33,2017
46,Mongolia,55.56,29.65,43.14,53.99,31.81,22.83,2017
47,Spain,54.98,18.83,37.65,44.68,53.68,87.87,2017
48,Cyprus,54.07,12.28,34.04,44.06,58.05,95.92,2017
49,Palestine,53.46,10.31,32.78,50.02,37.8,50.54,2017
50,Slovenia,53.24,14.06,34.46,43.48,43.13,78.23,2017
51,Fiji,53.11,27.43,40.8,57.09,36.84,33.67,2017
52,Brazil,53.07,15.52,35.07,41.65,42.33,42.38,2017
53,Oman,52.59,27.92,40.77,49.34,51.26,111.86,2017
54,Argentina,52.57,13.92,34.05,44.06,50.37,58.4,2017
55,Dominican Republic,52.09,12.54,33.14,46.92,42.31,29.08,2017
56,Zimbabwe,51.56,13.58,33.36,44.75,39.95,27.18,2017
57,Mauritius,50.39,12.62,32.29,43.28,35.81,50.77,2017
58,Chile,50.09,15.43,33.48,43.19,44.38,61.28,2017
59,Estonia,49.5,13.98,32.47,36.74,46.76,68.48,2017
60,Portugal,49.19,16.77,33.66,39.14,41.24,62.72,2017
61,Tanzania,48.51,22.8,36.19,37.55,33.48,41.95,2017
62,Saudi Arabia,48.37,14.36,32.07,40.54,30.22,138.05,2017
63,Croatia,48,10.09,29.83,39.91,37.53,60.71,2017
64,Latvia,47.83,12.09,30.7,36.72,41.16,52.45,2017
65,Honduras,47.4,11.6,30.24,39.37,36.27,37.49,2017
66,Iraq,47.04,15.22,31.79,39.2,44.43,55.09,2017
67,Cambodia,46.77,14.55,31.33,50.58,22.11,16.59,2017
68,Lithuania,46.73,13.25,30.69,36.15,40.08,51.67,2017
69,Namibia,46.48,21.03,34.28,40.86,43.21,50.49,2017
70,Ecuador,46.1,12.44,29.97,44.87,30.41,37.77,2017
71,Guatemala,46.01,14.31,30.82,43.88,32.63,48.18,2017
72,El Salvador,45.95,9.38,28.42,41.17,35.15,29.7,2017
73,Libya,45.85,18.8,32.88,47.01,35.69,132.65,2017
74,Ethiopia,45.72,20.83,33.79,36.9,23.9,16.66,2017
75,Slovakia,44.9,16.49,31.29,38.84,33.17,64.75,2017
76,China,44.76,18.67,32.26,47.74,29.68,67.84,2017
77,Zambia,44.73,21.94,33.81,33.83,32.32,89.93,2017
78,Thailand,43.71,14.94,29.92,48.31,21.42,34.28,2017
79,South Africa,43.12,16.33,30.28,36.27,40.2,98.96,2017
80,Hungary,42.77,12.67,28.35,33.62,32.72,47.52,2017
81,Russia,42.01,17.58,30.3,33.58,43.85,48.27,2017
82,Czech Republic,41.22,14.83,28.57,35.84,27.99,76.22,2017
83,Indonesia,41.11,11.66,26.99,45.8,20.29,27.61,2017
84,Malaysia,40.24,11.19,26.32,42.44,20.87,73.34,2017
85,Vietnam,40.11,15.49,28.31,39.6,20.46,24.77,2017
86,Peru,39.47,17.23,28.81,36.17,25.5,41.2,2017
87,Montenegro,39.35,9.54,25.06,31.1,35.03,46.61,2017
88,Kenya,39,9.68,24.95,37.65,29.98,30.99,2017
89,Bolivia,38.65,11.07,25.43,32.13,27.97,46.74,2017
90,Turkey,38.6,10.56,25.16,33.46,26.45,55.64,2017
91,Venezuela,38.3,7.51,23.55,39.4,37.34,3.35,2017
92,Iran,38.26,17.05,28.09,33.53,33.17,43.18,2017
93,Poland,38.15,13.93,26.54,29.69,31.53,71.75,2017
94,Nigeria,36.82,17.62,27.62,37.02,22.37,25.23,2017
95,Bulgaria,36.49,8.91,23.27,30.49,29.56,51.4,2017
96,Bangladesh,36.1,5.61,21.49,32.71,24.86,37,2017
97,Romania,35.63,9.59,23.15,29.05,30.16,53.44,2017
98,Morocco,35.53,10.44,23.5,31.51,23.89,41.2,2017
99,Bosnia And Herzegovina,35.05,6.22,21.23,29.76,24.22,51.29,2017
100,Philippines,34.71,7.32,21.58,33.95,19.86,36,2017
101,Colombia,34.45,10.69,23.06,28.76,24.97,37.63,2017
102,Uganda,34.14,6.83,21.05,29.41,20.79,19.42,2017
103,Armenia,33.87,9.91,22.39,26.83,31.03,32.88,2017
104,Belarus,33.84,12.21,23.47,27.19,37.6,36.43,2017
105,Serbia,33.79,7.25,21.07,24.96,27.2,40.8,2017
106,Sri Lanka,33.47,8.74,21.62,36.79,19.51,30.28,2017
107,Albania,32.42,6.3,19.9,26.07,25.06,34.49,2017
108,Algeria,32.38,6.83,20.14,32.5,20.12,36.66,2017
109,North Macedonia,30.93,6.02,18.99,25.41,20.74,39.85,2017
110,Kazakhstan,30.74,11.27,21.41,24.83,32.04,44.84,2017
111,Nepal,30.02,3.36,17.24,26.38,16.27,25.09,2017
112,Mexico,29.81,8.37,19.53,28.06,25.8,60.08,2017
113,Tunisia,28.74,6.1,17.89,27.58,16.95,40.19,2017
114,Moldova,28.37,7.85,18.54,21.97,20.32,29.38,2017
115,Syria,28.31,5.98,17.61,26.72,22.21,14.08,2017
116,Azerbaijan,27.76,10.66,19.57,22.93,29.25,30.8,2017
117,Georgia,27.37,8.57,18.36,22.26,26.65,33.03,2017
118,Pakistan,27.18,5.03,16.57,24.83,21.01,39.95,2017
119,Ukraine,26.22,9.36,18.14,19.87,19.69,26.93,2017
120,India,25.08,6.77,16.31,25.2,16.38,76.73,2017
121,Egypt,22.36,5.03,14.05,19.01,18.56,29.39,2017
1,Bermuda,133.68,120.12,127.17,131.95,121.27,118.54,2016
2,Switzerland,123.1,55.14,90.44,123.86,119.14,178.74,2016
3,Bahamas,107.54,38.21,74.22,107.12,88.43,58.96,2016
4,Norway,99.8,37.04,69.64,93.27,110.77,125.75,2016
5,Iceland,96.45,35.45,67.13,91.4,98.82,93.98,2016
6,Denmark,84.88,30.83,58.9,69.2,97.88,142.14,2016
7,Singapore,83.67,73.88,78.97,75.83,53.75,110.5,2016
8,Luxembourg,82.01,48.87,66.08,69.16,90.33,154.4,2016
9,Kuwait,81.62,38.26,60.78,96.13,46.01,113.6,2016
10,Hong Kong,81.48,82.57,82,88.8,50.73,102.32,2016
11,Japan,81.25,29.75,56.5,86.9,47.45,117.55,2016
12,United Kingdom,81.03,36.29,59.53,68.48,86.68,120,2016
13,Australia,78.45,40.95,60.43,74.68,74.85,147.25,2016
14,New Zealand,78.17,29.71,54.88,72.06,75.37,115.47,2016
15,Ireland,78.03,37.87,58.73,66.59,82.3,125.66,2016
16,Israel,75.75,26.78,52.21,65.71,77.27,115.54,2016
17,Sweden,75.7,25.21,51.44,67.89,79.18,128.22,2016
18,Belgium,75.44,31.42,54.28,67.15,82.87,106.69,2016
19,France,75.3,26.22,51.72,69.62,73.48,118.51,2016
20,Finland,75.25,26.98,52.05,66.59,76.85,132.93,2016
21,United States,74.08,38.39,56.93,75.69,69.13,139.17,2016
22,South Korea,73.18,34.41,54.55,86.23,41.18,120.64,2016
23,Netherlands,72.12,31.76,52.72,56.11,80.73,129.34,2016
24,Qatar,69.99,74.5,72.16,59.46,69.32,141.86,2016
25,Italy,68.77,21.49,46.05,58.64,75.27,105.67,2016
26,Puerto Rico,66.73,19.7,44.13,65.94,58.71,108.26,2016
27,Austria,66.59,26.15,47.16,61.71,62.64,120.46,2016
28,United Arab Emirates,66.09,68.25,67.13,57.23,59.85,136.43,2016
29,Germany,65.54,24.01,45.58,53.12,60.68,147.61,2016
30,Canada,64.82,26.83,46.56,65.04,60.04,134.81,2016
31,Argentina,64.09,18.07,41.97,52.51,64.19,74.92,2016
32,Macao,64.06,43.47,54.17,55.85,46.43,99.42,2016
33,Ghana,63.44,53.34,58.59,59.32,51.88,18.44,2016
34,Lebanon,63.08,35.05,49.61,48.75,59.7,66.57,2016
35,Malta,61.36,20.23,41.59,51.89,66.63,82.77,2016
36,Venezuela,60.02,11.51,36.71,73.7,47.09,14.27,2016
37,Belize,59.42,11.88,36.57,51.2,38.11,146.27,2016
38,Costa Rica,57.76,16.15,37.76,56.87,46.54,67.59,2016
39,Cyprus,56.99,13.1,35.9,48,59.72,93.84,2016
40,Spain,56.11,18.86,38.21,46.02,56.99,105.31,2016
41,Taiwan,55.84,14.71,36.07,64.6,25.14,106.38,2016
42,Jamaica,55.7,12.56,34.97,54.12,38.73,48.83,2016
43,Trinidad And Tobago,55.67,22.45,39.71,53.8,48.58,68.21,2016
44,Uruguay,55.63,15.81,36.49,48.14,52.75,50.59,2016
45,Zimbabwe,54.51,14.59,35.32,46,45.37,36.42,2016
46,Greece,54.4,9.51,32.82,44.75,55.07,79.27,2016
47,Oman,53.12,24.73,39.48,47.08,43.86,148.16,2016
48,Jordan,53.08,12.04,33.35,43.75,52.38,50.89,2016
49,Palestine,52.88,9.19,31.88,49.77,38.04,53.54,2016
50,Panama,52.57,30.53,41.98,55.25,40.41,48.09,2016
51,Slovenia,52.19,14.71,34.18,42.78,42.78,89.76,2016
52,Brunei,51.93,20.2,36.68,50.61,33.04,94.3,2016
53,Myanmar,51.57,20.19,36.49,49.64,28.36,33.35,2016
54,Dominican Republic,51.38,12.07,32.49,48,39.33,36.44,2016
55,Iraq,50.56,17.4,34.63,42.06,45.93,57.22,2016
56,Portugal,49.83,15.28,33.23,40.58,41.56,75.47,2016
57,Tanzania,49.51,25.71,38.07,42.76,35.74,53.86,2016
58,Estonia,48.94,13.5,31.91,38.5,44.13,77.42,2016
59,Croatia,48.2,9.71,29.7,40.68,37.57,67.89,2016
60,Bahrain,48.2,33.74,41.25,44.15,48.58,101.01,2016
61,China,48.1,23.24,36.15,53.27,29.28,77.42,2016
62,Mauritius,47.89,15.12,32.14,44.1,37.22,71.93,2016
63,Honduras,47.85,9.62,29.48,44.28,33.53,70.66,2016
64,Saudi Arabia,47.6,13.78,31.35,41.81,30,167.86,2016
65,Cambodia,47.29,12.36,30.5,52.24,22.56,16.4,2016
66,Nigeria,47.16,22.9,35.5,42.68,35.78,48.87,2016
67,Latvia,47.14,12.67,30.57,36.25,40.45,61.46,2016
68,Lithuania,45.56,12.45,29.65,37.32,35.42,61.25,2016
69,Zambia,45.53,21.28,33.88,34.04,31.59,142.24,2016
70,Turkey,45.07,10.45,28.43,39.89,31.89,64.12,2016
71,Slovakia,45,14.98,30.57,40.59,31.81,68.8,2016
72,Uzbekistan,44.67,12.55,29.23,40.76,29.35,31.11,2016
73,Ecuador,44.32,12.12,28.84,43.4,27.95,47.64,2016
74,Ethiopia,44.27,21.3,33.23,38.42,24.34,20.74,2016
75,Guatemala,44.08,11.42,28.38,41.76,33.02,51.59,2016
76,Chile,43.88,13.12,29.1,38.49,36.25,78.4,2016
77,Fiji,43.82,15.49,30.2,49.54,34.12,42.37,2016
78,El Salvador,42.56,9.76,26.79,38.38,28.83,43.15,2016
79,Czech Republic,41.8,14.45,28.66,36.51,28.34,89.88,2016
80,Hungary,41.29,10.54,26.51,33.18,30.75,56.3,2016
81,Iran,41.12,16.38,29.23,38.6,35.05,47.73,2016
82,Thailand,40.02,15.18,28.08,43.8,20.22,40.06,2016
83,Kenya,39.84,12.66,26.78,37.86,29.11,31.07,2016
84,Namibia,39.74,16.67,28.65,32.66,35.68,49.16,2016
85,Libya,39.66,14.08,27.36,39.71,32.17,62.51,2016
86,Vietnam,39.5,13.94,27.22,39.51,18.24,25.88,2016
87,Montenegro,39.49,9.2,24.93,31.77,35.84,52.5,2016
88,Belarus,39.45,13.25,26.86,32.44,49.3,39.16,2016
89,Brazil,38.88,12.3,26.1,29.92,31.55,48.69,2016
90,Poland,38.53,13.54,26.52,30.76,31.71,80.77,2016
91,Russia,38.48,17.13,28.22,32.22,42.05,57.42,2016
92,Peru,38.04,13.07,26.04,35.46,25.22,47.52,2016
93,Botswana,37.65,8.49,23.64,31.46,29.96,76.27,2016
94,Malaysia,37.47,11.06,24.78,37.54,19.85,96.34,2016
95,Bolivia,37.44,10.02,24.27,30.58,24.42,53.95,2016
96,Egypt,36.71,9.63,23.69,33.13,31.8,40.3,2016
97,Bulgaria,36.36,8.45,22.95,30.9,29.89,59.19,2016
98,Indonesia,36.33,9.86,23.61,40.9,18.41,35.51,2016
99,Morocco,35.56,9.67,23.12,31.74,23.98,48.74,2016
100,Bangladesh,35.5,5.3,20.99,32.58,21.26,44.48,2016
101,Armenia,35.49,9.77,23.13,28.3,30.98,33.08,2016
102,Mexico,35.01,9.88,22.93,33.71,28.19,76.51,2016
103,Romania,34.8,8.63,22.22,28.79,29.17,61.9,2016
104,South Africa,34.75,13.18,24.38,29.15,32.27,126.1,2016
105,Philippines,34.73,6.72,21.27,34.56,18.59,42.86,2016
106,Bosnia And Herzegovina,34.59,5.83,20.77,29.77,24.07,60.64,2016
107,Sri Lanka,34.11,8.6,21.85,38.52,21.15,32.95,2016
108,Albania,33.81,7.12,20.98,27.33,27.59,43.58,2016
109,Serbia,33.56,6.69,20.65,25.77,25.64,49.62,2016
110,Syria,31.75,8.02,20.35,29.84,23.68,25.83,2016
111,North Macedonia,31.05,5.92,18.97,26.14,21.17,46.74,2016
112,Tunisia,30.67,7.05,19.32,29.9,18.34,46.24,2016
113,Colombia,29.25,9.46,19.74,24.72,20.86,45.99,2016
114,Azerbaijan,28.93,11.08,20.35,24.16,28.41,41.07,2016
115,Algeria,28.89,7.1,18.42,30.5,18.77,49.46,2016
116,Georgia,28.71,10.64,20.02,24.61,26.9,30.88,2016
117,Ukraine,28.56,9.47,19.39,22.43,22.75,29.66,2016
118,Nepal,27.34,3,15.64,24.99,14.43,31.2,2016
119,Kazakhstan,26.82,9.53,18.52,21.48,27.65,59.3,2016
120,Pakistan,26.69,4.68,16.11,25.4,20.64,43.34,2016
121,Moldova,25.7,7.12,16.77,20.38,18.64,32.04,2016
122,India,24.14,6.37,15.6,24.92,15.31,89.65,2016
1,Switzerland,126.03,57.63,92.61,128.44,127.64,146.51,2015
2,Norway,118.59,48.7,84.43,110.06,141.45,96.3,2015
3,Venezuela,111.01,34.13,73.44,128.43,91.09,11.9,2015
4,Iceland,102.14,35.86,69.75,103.76,105.21,70.84,2015
5,Denmark,100.6,34.71,68.4,88.59,117.53,105.7,2015
6,Australia,99.32,49.47,74.96,94.31,90.63,110.39,2015
7,New Zealand,93.71,35.76,65.39,92.51,86.31,90.99,2015
8,Singapore,93.61,84.62,89.22,81.52,59.46,75.4,2015
9,Kuwait,92.97,40.91,67.53,118.45,54.59,85.7,2015
10,United Kingdom,92.19,39.19,66.29,84.58,95.97,98.12,2015
11,Ireland,92.09,37.47,65.4,85.14,91.58,95.72,2015
12,Luxembourg,91.78,62.31,77.38,77.1,110.63,114.7,2015
13,Finland,89.68,29.87,60.45,84.3,92.38,101.17,2015
14,France,88.37,31.13,60.4,85.3,91.06,92.62,2015
15,Belgium,87.22,30.96,59.73,79.54,95.93,86.16,2015
16,Netherlands,85.98,35.5,61.31,66.82,102.13,102.02,2015
17,Sweden,82.91,27.49,55.83,78.72,89.99,110.95,2015
18,South Korea,82.9,35.55,59.76,98.06,52.51,85.83,2015
19,Italy,82.72,25.71,54.86,71.43,93.07,79.35,2015
20,Canada,81.8,33.08,57.99,87.41,74.07,105.07,2015
21,Japan,80.36,29.71,55.61,82.68,50.51,98.21,2015
22,Israel,79.29,30.26,55.33,69.19,85.34,88.18,2015
23,Austria,76.87,29.2,53.57,73.56,70.43,104.55,2015
24,United States,76.53,36.17,56.81,81.81,68.06,126.09,2015
25,Germany,76.27,27.16,52.27,64.85,72.46,111.84,2015
26,Hong Kong,75.23,81.09,78.09,79.46,53.82,74.93,2015
27,Qatar,74,76.31,75.13,65.4,78.14,113.02,2015
28,Puerto Rico,73.5,19.7,47.21,76.35,63.6,94.43,2015
29,Cyprus,72.52,16.2,45,66.06,75.18,71.05,2015
30,Ghana,71.83,54.15,63.19,73.39,59.13,14.17,2015
31,Greece,68.88,11.92,41.05,58.2,70.03,51.89,2015
32,Malta,68.81,18.33,44.14,58.1,75.93,72.45,2015
33,Belize,68.74,11.44,40.74,63.91,42.52,119.98,2015
34,Uruguay,68.55,21.8,45.71,60.62,64.57,44.87,2015
35,Lebanon,67.61,31.68,50.05,51.59,67.43,50.17,2015
36,United Arab Emirates,67.16,66.86,67.02,60.3,63.67,104.59,2015
37,Argentina,67.12,18.26,43.24,61.47,64.4,59.38,2015
38,Zimbabwe,65.89,19.8,43.37,59.42,54.33,33.4,2015
39,Spain,65.7,21.53,44.11,54.17,71.09,76.71,2015
40,Slovenia,65.15,17.27,41.75,55.58,54.03,64.16,2015
41,Jamaica,63.56,14.78,39.73,59.42,44.12,43.53,2015
42,Costa Rica,62.53,18.22,40.88,64.35,52.84,48.14,2015
43,Russia,61.91,28.73,45.7,49.88,71.8,38.86,2015
44,Jordan,61.38,15.27,38.85,50.86,58.59,38.67,2015
45,Estonia,61.2,16.17,39.2,48.98,51.51,51.44,2015
46,Mauritius,60.1,20.88,40.93,51.27,52.3,60.1,2015
47,Mozambique,59.92,34.18,47.34,52.71,71.25,41.2,2015
48,Nigeria,59.4,22.37,41.3,54.04,49.6,40.23,2015
49,Azerbaijan,59.13,30.46,45.12,50.22,64.69,29.21,2015
50,Trinidad And Tobago,59.08,22.15,41.04,60.07,51.01,46.98,2015
51,Croatia,58.92,11.8,35.9,52.32,46.36,50.47,2015
52,Portugal,58.22,18.29,38.71,47.4,51.07,58.22,2015
53,Tanzania,57.13,29.62,43.68,58.21,39.01,47.16,2015
54,Taiwan,57.06,17.23,37.6,66.73,27.88,69.9,2015
55,Cambodia,57.05,14.82,36.41,68.86,26.07,11.93,2015
56,Bahrain,56.17,37.39,46.99,55.32,54.19,59.69,2015
57,Dominican Republic,55.95,12.34,34.64,55.21,44.16,28.2,2015
58,Latvia,55.94,13.01,34.96,44.79,47.18,44.39,2015
59,Uzbekistan,55.92,13.74,35.31,49.89,43.13,23.16,2015
60,Brazil,55.33,18.53,37.35,44.31,45.44,41.16,2015
61,Panama,55.16,31.22,43.46,61.03,40.39,43.34,2015
62,Kazakhstan,54.27,19.41,37.24,44.37,58.98,43.48,2015
63,Oman,54.2,28.96,41.87,47.38,44.45,106.83,2015
64,Uganda,53.9,8.34,31.64,49.84,26.6,16.91,2015
65,Namibia,53.67,20.68,37.55,46.69,51.35,42.86,2015
66,Palestine,53.27,7.55,30.93,48.5,35.97,46.09,2015
67,Chile,53.21,17.12,35.58,47.77,44.59,55.11,2015
68,Honduras,53.06,10.12,32.08,49.71,33.92,62.64,2015
69,Myanmar,53.04,27.47,40.55,59.38,26.39,21.18,2015
70,Lithuania,52.76,13.59,33.62,44.55,37.53,46.86,2015
71,Libya,52.12,19.12,35.99,58.09,47.66,44.29,2015
72,Slovakia,51.6,17.42,34.9,46.94,38.13,56.05,2015
73,Ethiopia,51.47,16.88,34.56,50.27,24.76,15.85,2015
74,El Salvador,50.64,10.59,31.07,44.45,36.33,28.67,2015
75,Guatemala,50.42,14.05,32.65,51.53,35.75,38.02,2015
76,Saudi Arabia,50.35,15.22,33.19,46.91,34.83,126.19,2015
77,Belarus,50.2,17.64,34.29,45.38,57.88,35.82,2015
78,Kenya,50.01,17.11,33.93,50.55,34.83,28.74,2015
79,Turkey,49.55,11.5,30.96,39.94,38.74,53.63,2015
80,Peru,49.43,17.01,33.58,47.65,34.29,30.64,2015
81,Hungary,48.9,9.52,29.66,39.3,37.78,46.85,2015
82,China,48.89,22.42,35.96,50.18,36.52,48.64,2015
83,Czech Republic,48.5,16.61,32.92,43.78,33.04,68.07,2015
84,Iraq,48.21,17.97,33.43,41.85,43.29,41.2,2015
85,Montenegro,48.09,9.59,29.27,40.34,41.46,40.24,2015
86,Nicaragua,47.85,7.9,28.33,43.27,28.34,20.62,2015
87,Thailand,46.52,16.72,31.96,52.74,24.72,38.75,2015
88,Malaysia,45.97,13.41,30.06,45.88,25.44,73.54,2015
89,South Africa,45.58,16.95,31.59,40.41,41.52,101.78,2015
90,Ecuador,45.57,14.01,30.15,46.26,29.26,28,2015
91,Poland,45.11,15.13,30.46,36.5,38.77,63.49,2015
92,Iran,44.53,17.77,31.46,45.98,40.07,30.65,2015
93,Bulgaria,43.57,9.49,26.91,38.5,33.81,39.88,2015
94,Serbia,43.29,8.47,26.28,35,37.2,39.15,2015
95,Romania,42.39,10.01,26.57,37.43,35.06,40.62,2015
96,Bosnia And Herzegovina,42.3,7.31,25.2,37.52,29.14,44.74,2015
97,Albania,41.95,8.55,25.63,34.1,33.21,34.79,2015
98,Vietnam,41.86,14.86,28.67,39.42,22.69,21.32,2015
99,Sri Lanka,41.66,10.74,26.55,50.79,22.81,28.24,2015
100,Ukraine,41.29,12.68,27.31,35.53,38.18,27.87,2015
101,Mexico,41.26,11.71,26.82,42.35,33.27,59.51,2015
102,Armenia,40.68,9.65,25.52,33.2,32.71,27.74,2015
103,Kosovo (Disputed Territory),40.17,14.76,27.75,30.52,29.75,29.19,2015
104,Bolivia,40.02,10.84,25.76,33.95,26.01,41.1,2015
105,Philippines,40,7.53,24.13,41.14,23.13,35.41,2015
106,Morocco,39.78,10.26,25.36,34.82,32.35,35.49,2015
107,Georgia,39.56,11.94,26.06,31.82,37.93,26.21,2015
108,Indonesia,39.35,13.85,26.89,44.12,21.91,26.01,2015
109,Bangladesh,39.22,5.85,22.91,40.11,25.52,33.43,2015
110,Colombia,38.92,12.91,26.21,36.21,29.61,36.08,2015
111,Syria,38.24,10.35,24.61,35.37,31.25,23.11,2015
112,North Macedonia,37.41,7.02,22.56,31.99,28.48,35.48,2015
113,Egypt,37.22,9.01,23.43,35.09,32.04,25.84,2015
114,Moldova,34.72,7.69,21.51,29.75,28.38,23.7,2015
115,Algeria,34.1,7.83,21.26,33.95,26.96,36.94,2015
116,Tunisia,34.06,8.47,21.56,31.97,23.26,36.75,2015
117,Pakistan,30.71,4.81,18.05,30.38,23.5,33.21,2015
118,Nepal,28.85,3.23,16.33,27.8,18.66,21.33,2015
119,India,26.27,6.78,16.74,28.52,15.94,65.79,2015
1,Norway,144.45,58.88,102.88,135.52,165.88,94.4,2014
2,Switzerland,143.88,63.84,104.99,148.5,145.59,138.05,2014
3,Denmark,114.87,40.05,78.52,102.61,132.27,100.66,2014
4,Venezuela,114.36,39.59,78.03,132.15,96.24,17.87,2014
5,Iceland,111.75,41.07,77.42,121.07,106.06,59.54,2014
6,Luxembourg,109.93,64.11,87.67,97.07,126.51,115.31,2014
7,Australia,108.51,57.97,83.95,105.03,97.44,104.2,2014
8,Ireland,106.61,39.24,73.88,102.67,100.03,94.64,2014
9,New Zealand,104.48,42.43,74.33,104.47,90.09,87.58,2014
10,Sweden,103.68,33.79,69.72,100.35,103.76,106.11,2014
11,Bahamas,103.44,47.35,76.19,98,96.49,93.37,2014
12,Finland,103.28,35.32,70.26,100.4,103.17,97.9,2014
13,France,100.21,36.86,69.43,100.19,98.7,92.29,2014
14,United Kingdom,100.11,44.19,72.94,94.25,96.94,94.34,2014
15,Belgium,100.04,34.89,68.39,93.51,105.82,87.93,2014
16,Singapore,100.01,97.04,98.57,89.77,61.36,64.11,2014
17,Netherlands,98.82,40.94,70.7,78.03,115.25,97.54,2014
18,Italy,96.81,31.55,65.1,85,104.62,75.39,2014
19,Japan,94.13,35.51,65.65,97.55,58.78,99.64,2014
20,Israel,91.45,35.23,64.14,79.52,95.42,69.29,2014
21,Cyprus,89.76,20.89,56.3,82.44,94.53,65.21,2014
22,Austria,89.5,33.23,62.16,88.71,79.25,91.53,2014
23,Canada,87.9,35.71,62.55,94.57,78.78,105.53,2014
24,South Korea,87.56,37.56,63.27,106.5,51.76,80.63,2014
25,Germany,87.14,30.29,59.52,77.86,77.83,112.28,2014
26,Greece,83.79,15.12,50.43,70.51,84.76,44.27,2014
27,Malta,80.18,17.52,49.74,68.9,79.1,72.69,2014
28,United States,77.39,36.93,57.74,83.38,67.74,132.91,2014
29,Uruguay,77.36,25.26,52.05,68.66,71.63,39.64,2014
30,Spain,77.18,26.41,52.51,64.24,79.05,72.48,2014
31,Puerto Rico,76.5,21.19,49.63,80.04,64.43,85.28,2014
32,Hong Kong,76.36,87.81,81.92,82.08,51.77,71.39,2014
33,Slovenia,75.37,22.47,49.67,65.19,61.44,60.36,2014
34,Qatar,75.25,77,76.1,70.26,78.36,125.79,2014
35,Kuwait,74.08,38.81,56.94,77.58,55.89,92.46,2014
36,Nigeria,73.78,21.31,48.29,74.97,62.7,35.64,2014
37,Jamaica,73.36,19.64,47.26,71.51,54.35,54.14,2014
38,Lebanon,70.15,33.38,52.29,54.56,67.5,41.86,2014
39,Zimbabwe,69.86,20.32,45.79,66.92,53.92,27.73,2014
40,Portugal,69.3,22.38,46.5,57.37,58.18,54.65,2014
41,Croatia,69.04,13.93,42.27,62.68,54.75,48.32,2014
42,United Arab Emirates,68.25,64.26,66.31,61.67,65.23,110.64,2014
43,Saudi Arabia,68.14,15.49,42.56,69.59,34.87,100.03,2014
44,Estonia,67.33,18.07,43.4,58.64,54.83,48.67,2014
45,Argentina,66.85,17.63,42.94,63.23,64.18,57.08,2014
46,Latvia,65.95,16.36,41.86,54.34,53.87,40.22,2014
47,Costa Rica,65.64,18.76,42.86,69.43,55.53,42.37,2014
48,Ghana,64.56,40.77,53,70.5,57.75,15.13,2014
49,Kazakhstan,63.15,22.64,43.47,53.48,64.09,37.29,2014
50,Azerbaijan,63.13,34.91,49.42,54.46,65.44,24.92,2014
51,Russia,61.8,29.65,46.18,50.91,68.48,37.3,2014
52,Slovakia,61.5,22.01,42.32,55.26,43.16,52.41,2014
53,Jordan,61.46,15.22,39,53.7,54.47,38.3,2014
54,Brazil,60.6,21.77,41.73,49.34,47.55,43.29,2014
55,Taiwan,60.2,19.06,40.21,74.03,29.47,82.31,2014
56,Chile,60.16,18.32,39.83,54.27,49.97,58.27,2014
57,Lithuania,59.96,14.65,37.94,52.84,41.88,43.24,2014
58,Namibia,59.8,24.32,42.56,52.7,47.8,34.99,2014
59,Mauritius,59.48,26.73,43.57,52.78,58.02,69.43,2014
60,Hungary,59.27,10.68,35.66,48.1,43.63,44.89,2014
61,Bahrain,59.07,36.1,47.91,57.64,56.24,62.03,2014
62,Trinidad And Tobago,58.77,22.15,40.98,57.57,49.33,41.13,2014
63,Uganda,58.74,12.85,36.45,55.21,27.1,24.54,2014
64,Dominican Republic,57.98,12.62,35.94,59.04,40.89,33.7,2014
65,Montenegro,57.26,11.64,35.1,49.88,50.12,38.75,2014
66,Czech Republic,56.59,17.63,37.66,51.01,37.26,62.32,2014
67,Oman,56.04,30.36,43.56,53.47,40.73,112.31,2014
68,Ethiopia,55.46,21.78,39.1,55.43,28.24,11.95,2014
69,China,54.12,24.31,39.64,57.06,37.77,43.73,2014
70,Poland,53.68,18.93,36.8,45.19,44.19,57.6,2014
71,Cambodia,53.64,13.04,33.92,64.26,25.11,15.29,2014
72,Kenya,53.6,19.24,36.91,59.5,34.21,30.85,2014
73,El Salvador,53.05,10.31,32.28,50.59,35.91,24.13,2014
74,Libya,52.33,20.22,36.73,61.34,42.83,42.82,2014
75,Panama,52.18,31.37,42.07,59.81,40.36,44.59,2014
76,Guatemala,52,15.54,34.28,54.22,33.33,38.81,2014
77,Serbia,51.57,10.91,31.82,42.7,42.67,37.39,2014
78,Iraq,51.27,17.79,35,45.84,46.2,37.2,2014
79,Honduras,51.05,12.19,32.17,42.94,33.62,38.23,2014
80,Peru,50.93,15.4,33.66,47.45,36.13,35.55,2014
81,Colombia,50.37,14.65,33.02,47.72,34.83,33.45,2014
82,Belarus,50.35,15.95,33.63,46.15,55.79,33.93,2014
83,Tanzania,50.05,20.37,35.63,52.28,27.12,39.86,2014
84,Bulgaria,49.96,11,31.04,45.32,38.02,37.39,2014
85,Turkey,49.93,12.81,31.9,40.56,37.53,55.79,2014
86,Bosnia And Herzegovina,49.76,8.28,29.61,45.31,33.65,44.52,2014
87,Iran,49.51,20.49,35.41,52.6,41.46,30.33,2014
88,Albania,48.96,10.94,30.49,41.37,35.25,33.27,2014
89,Malaysia,48.66,15.16,32.38,47.62,26.62,70.46,2014
90,South Africa,48.55,17.7,33.56,42.32,43.73,95.97,2014
91,Romania,48.2,12.23,30.72,43.87,37.19,36.51,2014
92,Morocco,47.48,14.36,31.39,41.71,38.63,29.59,2014
93,Mexico,46.96,12.14,30.04,48.99,35.39,60.46,2014
94,Armenia,46.66,13.92,30.75,36.75,41.14,23.56,2014
95,Georgia,46.22,12.6,29.88,37,41.36,23.48,2014
96,Thailand,45.95,18.3,32.51,52.92,23.81,36.96,2014
97,Ukraine,45.64,15.13,30.82,40.81,40.21,31,2014
98,Ecuador,45.23,14.15,30.13,47.41,27.71,27.03,2014
99,Vietnam,44.86,15.15,30.43,41.09,23.26,26.29,2014
100,North Macedonia,44.17,9.15,27.15,37.68,32.44,33.3,2014
101,Sri Lanka,42.82,9.81,26.78,52.24,24.97,30.98,2014
102,Syria,42.74,12.18,27.89,38.64,35.52,21.47,2014
103,Moldova,41.56,9.96,26.21,35.87,31.08,22.86,2014
104,Tunisia,41.25,9.82,25.98,38.36,28.73,34.36,2014
105,Bolivia,40.98,13.56,27.66,36.85,24.62,45.67,2014
106,Bangladesh,40.37,6.64,23.98,41.26,25.98,33.61,2014
107,Philippines,40.28,8.34,24.76,42.43,23.22,29.97,2014
108,Algeria,39.11,8.94,24.46,40.11,27.48,32.1,2014
109,Indonesia,39,12.83,26.29,44.21,20.9,26.44,2014
110,Egypt,38.26,9.4,24.24,37.06,32.75,25.57,2014
111,Nepal,31.43,3.47,17.85,30.47,19.82,23.36,2014
112,Pakistan,29.69,4.66,17.53,29.22,22.32,31.53,2014
113,India,26.7,7.01,17.13,29.22,16.02,62.33,2014
1,Norway,173.85,68.99,123.52,162.53,183.3,95.91,2013
2,Switzerland,151.77,70.9,112.95,153.05,142.36,137.26,2013
3,Australia,133.66,72.72,104.41,128.69,116.39,103.02,2013
4,Luxembourg,124.76,67.68,97.36,111.78,130.8,121.39,2013
5,Denmark,119.95,42.93,82.98,103.97,130.5,102.15,2013
6,Japan,115.24,43.81,80.96,112.83,70.01,85.99,2013
7,Sweden,114.47,36.11,76.86,105.57,110.14,106.57,2013
8,New Zealand,113.63,46.06,81.2,111.68,93.48,80.65,2013
9,Bahrain,113.49,29.58,73.21,162.91,71.01,59.29,2013
10,Iceland,112.43,39.3,77.33,118.81,99.72,67.91,2013
11,Ireland,112.33,40.37,77.79,105.55,102.99,95.06,2013
12,Venezuela,111.01,41.48,77.64,126.37,93.65,16.64,2013
13,Belgium,108.04,39.18,74.99,90.14,115.6,94.09,2013
14,Finland,106.99,40.37,75.02,101.29,100.24,94.06,2013
15,Singapore,105.39,103.04,104.26,91.19,63.28,59.94,2013
16,Netherlands,103.9,45.71,75.97,81.11,107.68,92.88,2013
17,France,103.24,37.99,71.92,97.75,100.45,98.11,2013
18,United Kingdom,102.24,41.1,72.89,93.06,94.28,89.07,2013
19,Italy,101.42,36.21,70.12,87.31,107.38,70.44,2013
20,Canada,99.65,39.85,70.94,101.24,85.58,109.56,2013
21,Cyprus,98.61,24.99,63.28,89.35,101.17,72.48,2013
22,Austria,97.88,36.81,68.57,92.75,81.43,87.47,2013
23,Greece,92.57,18.64,57.09,74.67,95.52,49.44,2013
24,Israel,92.24,32.28,63.46,76.92,90.09,72.55,2013
25,Germany,91.64,33.24,63.61,80.74,79.68,117.58,2013
26,Nigeria,87.18,17.89,53.92,92.93,62.45,32.73,2013
27,Malta,85.61,20.6,54.4,73.68,77.57,77.82,2013
28,Spain,83.14,29.09,57.2,66.55,80.97,84.04,2013
29,Puerto Rico,82.56,25,54.93,83.45,65.03,94.08,2013
30,Qatar,82.36,84.11,83.2,75,78.79,136.65,2013
31,Slovenia,82.06,26.48,55.38,70.49,63.24,59.25,2013
32,Uruguay,81.66,26.14,55.01,70.53,75.66,37.58,2013
33,Kuwait,80.74,34.55,58.57,78.99,78.65,84.61,2013
34,United States,80.54,37.39,59.83,80.74,67.87,136.5,2013
35,South Korea,80.44,28.66,55.58,94.12,46.5,102.13,2013
36,Azerbaijan,78.25,41.92,60.81,67.88,64.83,20.48,2013
37,Hong Kong,77.81,88.57,82.98,79.82,54.48,80.3,2013
38,Lebanon,75.63,38.51,57.82,58.06,65.2,42.46,2013
39,United Arab Emirates,75.48,63.29,69.63,64.99,69.9,121.24,2013
40,Portugal,75.31,24.34,50.84,61.25,59.09,54.12,2013
41,Croatia,72.24,14.9,44.72,64.47,55.98,51.58,2013
42,Saudi Arabia,72.17,15.73,45.08,74.47,36.51,114.63,2013
43,Estonia,70.75,16.8,44.86,60.94,53.36,53.09,2013
44,Argentina,70.44,20.12,46.29,64.52,65.43,50.24,2013
45,Brazil,70,22.79,47.34,53.97,51.81,41.26,2013
46,Russia,69.69,29.38,50.34,56.88,73.64,42.96,2013
47,Chile,68.38,21.3,45.79,58.15,56.28,56.43,2013
48,Latvia,67.96,15.26,42.67,55.36,58.45,41.34,2013
49,Taiwan,67.83,20.52,45.12,79.96,31.75,73.02,2013
50,Costa Rica,66.62,20.87,44.66,71.79,54.7,45.59,2013
51,Dominican Republic,66.17,15.44,41.82,66.12,41.54,27.99,2013
52,Slovakia,65.72,24.46,45.92,56.16,44.54,53.78,2013
53,Jordan,65.55,15.63,41.59,56.78,56.37,36.18,2013
54,Kazakhstan,65.16,26.56,46.64,51.34,67.36,32.21,2013
55,Turkey,64.39,16.16,41.24,50.04,46.33,56.44,2013
56,Hungary,63.9,12.6,39.28,50.87,47.33,42.97,2013
57,Czech Republic,63.35,21.04,43.04,54.69,40.61,60.65,2013
58,Lithuania,63.33,16.18,40.7,55.36,41.98,42.24,2013
59,Montenegro,63.18,15.2,40.15,56.02,55.2,43.94,2013
60,China,61.75,25.82,44.51,66.43,36.53,37.27,2013
61,Trinidad And Tobago,61.6,30.56,46.7,55.8,48.42,44.27,2013
62,South Africa,60.2,21.39,41.57,52.86,49.76,105.33,2013
63,Ethiopia,59.86,24.26,42.77,62.51,26.1,11.48,2013
64,Colombia,58.44,14.01,37.12,52.83,38.31,29.71,2013
65,Iraq,57.16,18.04,38.39,50.89,46.23,33.66,2013
66,Iran,57.04,24.3,41.33,59.28,42.76,37.51,2013
67,Kenya,56.99,17.19,37.89,60.96,33.82,38.93,2013
68,Cambodia,55.84,9.18,33.44,64.35,24.45,15.45,2013
69,Poland,55.64,20.2,38.63,46.58,43.08,54.72,2013
70,Tanzania,54.88,13.91,35.22,59.2,24.94,66.03,2013
71,Malaysia,54.82,15.25,35.83,51.46,27.37,69.64,2013
72,Oman,54.56,27.5,41.57,51.37,39.81,129.2,2013
73,Mauritius,54.48,23.36,39.54,43.46,53.48,46.08,2013
74,Morocco,54.04,16.7,36.12,44.71,42.31,26.38,2013
75,Georgia,53.8,17.09,36.18,45.54,47.48,28.56,2013
76,Serbia,53.59,11.96,33.61,43.53,42.78,36.58,2013
77,Mexico,53.56,13.29,34.23,52.48,37.4,59.77,2013
78,Bosnia And Herzegovina,53.4,8.65,31.92,47.43,38.07,46.42,2013
79,Panama,53.38,28.26,41.32,58.83,36.26,37.52,2013
80,Bulgaria,52.68,12.39,33.35,46.89,38.82,37.71,2013
81,Romania,51.89,14.14,33.77,47.31,37.2,35.81,2013
82,Thailand,51.78,21.3,37.15,57.93,25.48,35.01,2013
83,Belarus,51.32,13.28,33.06,41.89,58.09,23.45,2013
84,Sri Lanka,50.58,14.52,33.27,55,29.73,27.18,2013
85,Tunisia,50.32,11.61,31.74,44.39,36.83,34.18,2013
86,Peru,48.82,15.47,32.81,42.62,31.18,45.28,2013
87,Albania,48.64,10.84,30.5,40.23,31.83,35.28,2013
88,Ukraine,48.56,14.74,32.33,41.48,43.47,31.97,2013
89,Philippines,48.01,10.91,30.2,51.23,26.89,25.66,2013
90,Syria,47.3,17.61,33.05,36.7,40.65,21.89,2013
91,Moldova,47.24,12.89,30.75,38.28,37.97,24.52,2013
92,Ecuador,46.61,12.91,30.44,48.18,26.45,25.47,2013
93,North Macedonia,46.48,10.72,29.32,38.44,33.22,34.9,2013
94,Indonesia,46.14,17.58,32.43,51,23.71,24.62,2013
95,Bangladesh,44.83,7.79,27.05,38.51,26.43,33.26,2013
96,Egypt,44.82,11.1,28.64,40.33,37.18,30.32,2013
97,Vietnam,43.21,20.77,32.44,41.77,23.74,31.86,2013
98,Bolivia,41.5,12.48,27.57,36.42,21.48,46.39,2013
99,Algeria,41.49,6.06,24.48,43.76,24.84,32.71,2013
100,Nepal,38.74,3.66,21.91,36.73,26.19,29.49,2013
101,Pakistan,33.41,6.12,20.31,32.09,25.34,26.03,2013
102,India,30.92,7.36,19.61,32.51,18.09,61.92,2013
1,Norway,151.34,55.5,116.85,142.37,150.23,92.62,2012
2,Switzerland,141.31,58.51,111.51,130.55,123.11,127.45,2012
3,Japan,134.23,54.22,105.43,117.97,84.28,79.94,2012
4,Monaco,128.15,173.08,144.32,89.8,138.14,62.3,2012
5,Australia,122.96,58.85,99.88,113.72,108.95,109.5,2012
6,Denmark,116.52,41.31,89.45,94.09,130.69,101.98,2012
7,Belgium,108.68,35.02,82.17,86.01,107.48,90.44,2012
8,Ireland,107.77,38.12,82.7,97.13,106.06,89.6,2012
9,Netherlands,104.5,41.15,81.7,69.58,104.36,95.17,2012
10,Iceland,103.6,32.71,78.09,97.74,92.19,78.56,2012
11,Sweden,101.86,29.36,75.76,85.33,101.5,100.7,2012
12,New Zealand,101.65,31.75,76.49,95.6,86.5,85.36,2012
13,United Kingdom,100.13,37.85,77.72,83.74,94.07,88.35,2012
14,Finland,99.69,36.47,76.94,82.32,96.9,98.14,2012
15,Bahrain,99.52,37.54,77.21,150.55,86.92,52.77,2012
16,France,98.19,35.91,75.77,82.96,94.92,92.68,2012
17,Canada,98.04,38.35,76.56,93.84,83.16,108.18,2012
18,Kuwait,96.24,30.78,72.68,73.52,137.45,69.98,2012
19,Singapore,96.08,90.69,94.14,82.76,65.1,93.29,2012
20,Israel,95.45,32.05,72.63,77.35,89.45,75.01,2012
21,Austria,94.84,34.34,73.07,85.06,76.59,98.31,2012
22,Italy,94.82,34.3,73.04,75.97,95.38,68.59,2012
23,Saudi Arabia,93.42,18.02,66.29,135.45,39.6,82.11,2012
24,Greece,93.09,18.9,66.39,69.83,91.17,48.31,2012
25,Cyprus,89.54,22.36,65.36,74.6,92.18,77.04,2012
26,Germany,88.55,28.94,67.1,72.15,76.2,114.37,2012
27,Lebanon,86.11,37.05,68.45,45.3,69.63,24.37,2012
28,Hong Kong,84.4,96.98,88.92,80.47,69.05,84.27,2012
29,Qatar,84.28,63.5,76.8,81.63,72.85,153.59,2012
30,Puerto Rico,84.27,28.14,64.07,81.85,64.57,78.17,2012
31,Brazil,83.71,25.62,62.8,57.83,56.97,32.8,2012
32,Malta,83.17,19.49,60.25,70.81,69.07,91.73,2012
33,United States,83.06,37.42,66.64,77.65,68.74,116.48,2012
34,Uruguay,82.95,25.34,62.22,65.96,68.83,29.37,2012
35,United Arab Emirates,81.96,66.92,76.55,66.19,80.5,125.87,2012
36,Spain,80.24,27.3,61.19,59.01,74.83,88.01,2012
37,South Africa,75.64,25.36,57.54,59.67,56.27,92.47,2012
38,Slovenia,74.34,25.73,56.85,64.7,58.04,57.92,2012
39,Morocco,71.89,26.6,55.59,61.43,41.65,16.68,2012
40,Azerbaijan,71.24,41.03,60.37,53.2,68.17,26.38,2012
41,Kazakhstan,70.84,31.8,56.79,49.59,54.65,24.48,2012
42,Portugal,70.76,23,53.57,56.17,52.24,56.05,2012
43,South Korea,68.62,27.84,53.94,70.68,48.17,108.62,2012
44,Costa Rica,68.43,22.96,52.06,66.98,52.91,46.29,2012
45,Latvia,67.76,14.27,48.51,51.28,63.62,35.04,2012
46,Croatia,67.54,13.94,48.25,56.05,52.42,50.14,2012
47,Chile,67.39,19.79,50.26,54.24,54.31,47.11,2012
48,Estonia,66.91,15.1,48.27,51.28,58.73,47.77,2012
49,Turkey,65.26,15.51,47.35,47.31,48.21,52.57,2012
50,Russia,64.85,23.81,50.07,49.67,67.55,43.86,2012
51,Argentina,63.13,19.21,47.32,52.4,54.37,41.71,2012
52,Taiwan,62.89,18.71,46.99,75.33,35.63,74.85,2012
53,Armenia,62.75,19.62,47.23,38.38,53.15,20.71,2012
54,Montenegro,62.24,17.23,46.04,49.11,55.87,38.86,2012
55,Lithuania,62.11,14.8,45.08,53.02,41.79,33.6,2012
56,Czech Republic,61.44,21.28,46.98,49.01,40.89,61.95,2012
57,Jordan,60.44,13.35,43.49,54.93,48.15,37.02,2012
58,Colombia,59.99,16.59,44.37,50.17,38.82,29.28,2012
59,Hungary,59.65,12.67,42.74,44.64,43.56,36.81,2012
60,Slovakia,59.31,23.01,46.25,49.21,40,49.19,2012
61,Georgia,56.07,15.34,41.41,40.93,49.09,29.38,2012
62,Peru,55.1,15.68,40.91,41.93,36.23,36.05,2012
63,Mexico,55.06,13.98,40.27,48.45,43.19,58.98,2012
64,Malaysia,54.9,12.8,39.75,53.65,31.12,74.06,2012
65,Iran,54.84,25.17,44.16,53.92,42.19,46.2,2012
66,Tunisia,54.48,9.85,38.42,45.71,40.36,32.39,2012
67,Panama,54.02,25.34,43.7,48.86,37.67,40.91,2012
68,Mongolia,53.86,24.01,43.12,57.94,37.81,22.57,2012
69,Indonesia,51.42,17.21,39.11,57.94,30.08,18.33,2012
70,Ukraine,51.1,14.95,38.09,38.39,46.13,25.6,2012
71,Bulgaria,50.92,12.32,37.03,42.02,32.96,33.76,2012
72,Ecuador,50.85,12.36,37,46.59,29.04,25.96,2012
73,Bosnia And Herzegovina,50.75,8.44,35.53,41.08,39.56,44.37,2012
74,Serbia,50.55,11.9,36.64,36.47,40.26,31.33,2012
75,Syria,50.24,12.77,36.75,37.66,33.11,23.64,2012
76,Thailand,50.16,17.59,38.44,65.47,27.35,32.03,2012
77,Poland,49.74,16.89,37.91,39.45,38.43,59.23,2012
78,Egypt,49.65,15.98,37.53,43.42,44.75,28.16,2012
79,China,48.82,19.67,38.33,53.68,33.62,30.26,2012
80,Nicaragua,48.31,10.71,34.78,47.52,34.6,42.64,2012
81,Romania,47.91,12.15,35.04,39.81,35.28,34.29,2012
82,Moldova,47.81,12.35,35.05,38.59,40.27,27.56,2012
83,Belarus,45.59,10.62,33.01,33.84,52.82,23.59,2012
84,Nepal,44.28,4.9,30.11,36.11,30.19,24.53,2012
85,Philippines,43.62,10.98,31.87,43.13,23.83,28.99,2012
86,Vietnam,42.9,33.02,39.35,45.31,26.66,28.05,2012
87,North Macedonia,42.8,9.46,30.8,33.64,31.65,35.2,2012
88,Algeria,40.64,8.32,29.01,43.59,25.57,27.54,2012
89,Pakistan,36.17,6.79,25.6,31.52,29.13,28.27,2012
90,India,33.39,8.36,24.38,33.82,21.1,60.11,2012
1,Norway,139.53,56.86,109.84,142.91,136.6,93.88,2011
2,Switzerland,130.98,62.06,106.23,131.46,115.07,137.13,2011
3,Denmark,119.67,53.94,96.07,99,140.32,93.26,2011
4,Belgium,109.39,37.44,83.55,87.91,117.29,100.1,2011
5,Australia,107.83,51.03,87.43,112.03,88.67,117.1,2011
6,Ireland,107.11,52.85,87.63,110.88,100.12,92.23,2011
7,Netherlands,105.69,43.33,83.3,63.98,106.42,100.29,2011
8,France,101.17,42.7,80.18,83.38,96.59,80.84,2011
9,Sweden,100.68,30,75.3,85.98,100.25,99.89,2011
10,Finland,98.65,39.83,77.53,89.69,88.15,109.81,2011
11,Japan,96.52,52.05,80.55,88.87,70.82,106.66,2011
12,Italy,95.85,38.26,75.17,78.68,95.44,65.98,2011
13,Austria,95.23,40.52,75.58,85.12,75.91,99.03,2011
14,United Kingdom,93.8,43.72,75.82,87.89,92.82,98.03,2011
15,Iceland,93.31,36.72,72.99,111.68,90.03,93.22,2011
16,New Zealand,92.62,29.42,69.92,97,81.11,80.35,2011
17,Cyprus,90.96,31.04,69.44,75.83,88.75,91.78,2011
18,Greece,89.81,21.1,65.14,72.23,80.72,48.82,2011
19,Canada,89.34,41.5,72.16,95.12,69.82,109.32,2011
20,Singapore,88.79,84.87,87.38,88.24,52.7,82.54,2011
21,Germany,87.19,32.6,67.59,75.29,70.1,118.49,2011
22,Israel,82.87,33.54,65.16,73.01,73.42,84.28,2011
23,Saudi Arabia,81.02,22.16,59.88,125.55,29.53,77.9,2011
24,United Arab Emirates,80.1,74.65,78.14,59.32,97.06,109.26,2011
25,Malta,78.23,23.96,58.74,68.25,65.95,92.33,2011
26,Puerto Rico,77.06,29.18,59.87,69.96,61.51,93.9,2011
27,Brazil,76.78,26.54,58.74,50.11,48.4,58.31,2011
28,Morocco,76.43,25.83,58.26,69.25,41.36,26.86,2011
29,United States,76.19,40.24,63.28,71.03,60.23,120.42,2011
30,Spain,76.08,33.48,60.78,57.49,68.57,67.67,2011
31,Portugal,73.09,30.58,57.82,51.64,51.45,53.62,2011
32,Slovenia,72.57,33.04,58.37,62.09,57.78,64.22,2011
33,Hong Kong,72.19,81.25,75.44,70.13,51.38,65.21,2011
34,Latvia,70.89,19.88,52.57,49.8,76.53,36.23,2011
35,Uruguay,70.35,20.12,52.31,62.02,52.39,44.52,2011
36,Costa Rica,69.76,22.29,52.72,75.7,58.24,44.86,2011
37,South Africa,69.19,27.31,54.15,59.27,50.02,86.44,2011
38,Croatia,68.32,18.11,50.29,65.07,48.19,51.85,2011
39,Lebanon,68.28,42.18,58.91,36.4,58.16,22.94,2011
40,Azerbaijan,67.31,59.5,64.51,46.97,57.83,32.96,2011
41,Dominican Republic,67.06,22.77,51.16,64.85,49.12,46.15,2011
42,Russia,63.98,39.96,55.36,46.86,65.88,33.79,2011
43,Venezuela,63.92,32.35,52.58,52.35,57.64,34.84,2011
44,Jordan,61.96,19.9,46.86,59.24,41.41,34.82,2011
45,Turkey,61.95,17.08,45.83,47.53,42.47,55.89,2011
46,Lithuania,61.81,19.65,46.67,56.13,41.18,31.52,2011
47,Hungary,61.49,16.52,45.34,52.39,42.96,38.04,2011
48,Chile,61.19,16.78,45.24,46.87,47.41,61.18,2011
49,Czech Republic,60.81,30.5,49.93,47.14,37.91,57.26,2011
50,Slovakia,60.02,21.98,46.36,53.67,43.28,59.28,2011
51,South Korea,59.97,31.1,49.6,66.77,50.18,118.68,2011
52,Montenegro,59.51,22.92,46.37,44.84,48.93,27.65,2011
53,Estonia,59.23,16.63,43.93,44.32,58.59,68.92,2011
54,Armenia,58.68,25.86,46.89,27.57,47.41,17.43,2011
55,Argentina,56.63,18.61,42.98,49.57,44.6,51.78,2011
56,Taiwan,55.74,21.97,43.61,56.72,32.89,92.02,2011
57,Bosnia And Herzegovina,55.41,8.18,38.45,49.84,34.92,38.63,2011
58,Colombia,54.34,13.66,39.73,44.87,32.5,39.84,2011
59,Bulgaria,52.1,14.31,38.53,40.12,36.8,34.96,2011
60,Mexico,51.55,17.28,39.24,46,38.94,65.02,2011
61,Egypt,51.31,22.42,40.94,48.36,37.7,17.66,2011
62,Poland,51.21,19.47,39.81,39.7,38.66,62.83,2011
63,Serbia,50.99,15.54,38.26,38.67,40.17,31.92,2011
64,Syria,49.65,13,36.49,41.21,33.2,22.22,2011
65,Ecuador,49.45,14.46,36.89,56.7,27.32,40.3,2011
66,Indonesia,49.34,19.08,38.48,55.82,26.82,16.55,2011
67,Belarus,47.89,15.89,36.4,35.85,60.13,25.99,2011
68,Romania,47.68,13.65,35.46,40.09,35.22,33.36,2011
69,Peru,46.9,17.5,36.34,50,32.66,42.8,2011
70,Iran,46.13,29.58,40.19,49.57,32.52,54.81,2011
71,Ukraine,45.14,17.42,35.19,29.85,41.17,29.51,2011
72,Panama,45.01,18.99,35.67,38.56,32.21,70.09,2011
73,Malaysia,44.84,11.55,32.88,40.52,23.53,86.55,2011
74,Mongolia,44.38,18.54,35.1,55.97,27.63,34.65,2011
75,China,43.42,20.29,35.12,46.78,25.42,27.43,2011
76,Kenya,43.24,19.84,34.83,39.49,29.72,34.92,2011
77,North Macedonia,41.82,10.05,30.41,35.05,28.77,38.35,2011
78,Thailand,41.79,21.72,34.58,46.22,24.84,23.54,2011
79,Philippines,39.08,9.71,28.53,33.92,19.16,37.94,2011
80,Vietnam,39.06,32.29,36.63,36.15,24.01,51.08,2011
81,Bolivia,37.41,15.21,29.44,28.32,23.36,50.5,2011
82,Pakistan,30.96,7.82,22.65,28.1,20.16,30.35,2011
83,India,30.27,9.04,22.65,28.88,18.29,62.82,2011
1,Norway,161.3,71.58,121.2,169.83,162.61,69.06,2010
2,Denmark,138.91,83.47,114.13,116.6,159.09,74.09,2010
3,Netherlands,123.64,61.66,95.94,78.44,114.49,68.55,2010
4,France,123.49,67.23,98.35,101,132.86,70.52,2010
5,Switzerland,121.42,92.37,108.44,132.22,117.7,137.93,2010
6,Belgium,120,71.15,98.17,109.41,110.93,88.32,2010
7,Ireland,119.76,71.1,98.02,148.01,118.07,99.42,2010
8,Italy,115.41,63.7,92.3,94.49,113.34,50.98,2010
9,Finland,111.13,50.67,84.11,100.2,108.14,106.55,2010
10,United Kingdom,107.4,65.2,88.54,94.4,96.91,87.63,2010
11,Austria,107.28,59.6,85.97,96.41,87.46,89.59,2010
12,Germany,105.53,38.37,75.51,93.6,85.34,106.83,2010
13,Sweden,104.15,32.38,72.08,98.09,89.62,113.44,2010
14,Australia,100.49,52.74,79.15,101.9,82.16,114.38,2010
15,Cyprus,94.05,36.51,68.34,83.19,91.27,97.66,2010
16,Spain,91.28,45.85,70.98,67.37,82.18,52.14,2010
17,Israel,89.7,55.42,74.38,93.59,78.23,51.37,2010
18,South Korea,88.6,42.14,67.84,124.03,79.4,85.25,2010
19,United States,88.46,49.62,71.1,85.02,71.13,114.8,2010
20,Japan,86.7,55.18,72.61,100.55,66.87,97.83,2010
21,Canada,85.99,52.05,70.82,96.05,64.73,96.05,2010
22,Portugal,84.67,32.51,61.36,49.12,64.8,48.52,2010
23,United Arab Emirates,83.77,91,87,64.17,108.52,70.1,2010
24,Croatia,80.66,33.7,59.68,75.38,63.58,45.89,2010
25,Greece,77.01,32.37,57.06,76.15,78.66,61.27,2010
26,Slovenia,75.99,45.12,62.19,63.69,62.55,54.44,2010
27,Brazil,73.83,31.34,54.84,54.69,48.47,59.25,2010
28,Czech Republic,72.08,41.58,58.45,62.91,58.42,54.35,2010
29,Latvia,68.18,31.83,51.93,37.36,50.86,38.35,2010
30,Chile,67.49,19.68,46.13,55.35,41.57,53.34,2010
31,Singapore,65.94,71.85,68.58,100.33,56.41,76.79,2010
32,Jordan,65.64,26.39,48.1,88.21,65.15,22.11,2010
33,Hong Kong,64.71,58.47,61.92,93.26,50.89,53.18,2010
34,Hungary,64.42,21.12,45.07,53.27,47.98,32.47,2010
35,Serbia,62.38,24.26,45.34,49.33,60.55,35.21,2010
36,Montenegro,61.13,11.8,39.08,53.83,59.19,29.73,2010
37,Albania,60.48,13.2,39.35,51.28,52.31,27.41,2010
38,Bulgaria,59.82,24.9,44.21,51.32,48.06,31.49,2010
39,South Africa,59.44,35.32,48.66,50.89,43.29,57.81,2010
40,Russia,59.02,52.24,55.99,39.59,64.08,36.33,2010
41,Venezuela,58.93,46.95,53.58,26.93,65.16,36.23,2010
42,Turkey,56.87,23.66,42.03,53.66,39.92,62.17,2010
43,Bahrain,55,73.46,63.25,68.32,68.45,56.04,2010
44,Colombia,54.08,14.35,36.33,53.32,34.73,32.49,2010
45,Iran,53.87,70.18,61.16,59.65,31.19,38.03,2010
46,Paraguay,53.59,11.22,34.65,40.51,31.92,19.46,2010
47,Argentina,53.21,21.18,38.9,34.51,48.02,40.6,2010
48,Poland,52.62,30.67,42.81,42.56,44.95,52.2,2010
49,Bosnia And Herzegovina,51.19,7.86,31.83,53.6,38.84,31.29,2010
50,Lithuania,50.06,28.7,40.51,57.37,36.29,43.27,2010
51,Mexico,49.69,22.93,37.73,45.96,41.02,51.43,2010
52,Romania,45.7,27.45,37.55,41.38,41.19,24.32,2010
53,Ecuador,45.67,19.06,33.78,47.42,28.26,37.86,2010
54,Belarus,43.04,27.94,36.29,43.72,44.55,12.82,2010
55,China,40.05,26.12,33.83,64.96,29.54,36.79,2010
56,Indonesia,38.56,21.16,30.78,45.64,35.16,20.4,2010
57,Bolivia,38.01,19.41,29.7,26.4,32.87,43.06,2010
58,Malaysia,37.55,13.87,26.97,50.96,31.39,61.73,2010
59,Thailand,36.56,21.56,29.86,51.31,28.24,30.76,2010
60,Pakistan,32.38,9.67,22.23,35.28,30.87,37.36,2010
61,Ukraine,31.37,22.99,27.62,23.7,36.16,39.99,2010
62,India,28.71,9.58,20.16,30.99,23.86,43.55,2010
1,Ireland,126.05,85.85,110.11,154.51,131.56,59.8,2009
2,Netherlands,123.76,71.86,103.17,90.11,108.51,41.55,2009
3,France,120.92,77.74,103.79,115.38,118.28,45.46,2009
4,Belgium,117.53,78.77,102.16,110.88,107.56,55.58,2009
5,Sweden,112.54,33.33,81.12,98.95,85.25,62.79,2009
6,Austria,110.39,65.99,92.78,97.71,84.8,54.37,2009
7,Germany,109.85,39.96,82.12,92.6,89.25,74,2009
8,Israel,106.8,58.82,87.77,110.47,67.16,42.46,2009
9,Italy,105.76,77.87,94.7,99.07,101.99,41.78,2009
10,South Korea,102.07,34.72,75.35,149.99,102.74,38.46,2009
11,United Kingdom,100.21,71.82,88.95,93.27,97.18,66.35,2009
12,United States,91.68,58.01,78.33,83.66,80.22,97.97,2009
13,Portugal,88.96,36.41,68.12,51.06,60.34,41.2,2009
14,Australia,83.34,48.19,69.4,98.87,76.74,120.04,2009
15,Canada,82.27,61.49,74.03,99.73,65.05,74.74,2009
16,Chile,79.86,22.06,56.93,55.43,40.81,40.4,2009
17,Greece,77.4,36.97,61.36,74.5,78.06,38.26,2009
18,Singapore,74.66,107.56,87.71,110.78,91.09,56.13,2009
19,Hong Kong,74.5,56.21,67.25,95.14,88.66,45.78,2009
20,Czech Republic,74.18,46.15,63.06,63.76,54.65,33,2009
21,Brazil,70.46,37.24,57.28,73.55,51.76,47.06,2009
22,Latvia,68.8,43.53,58.77,37.87,49.32,22.19,2009
23,Jordan,66.43,19.69,47.89,88.69,62.05,15.89,2009
24,South Africa,64.74,44.64,56.77,53.34,40.79,54.23,2009
25,Serbia,62.67,29.33,49.44,51.6,60.36,25.12,2009
26,Hungary,62.05,28.81,48.87,50.34,43.26,32.03,2009
27,Colombia,58.52,19.85,43.18,60.98,44.27,28.44,2009
28,Bahrain,58.01,82.35,67.67,70.11,67.2,48.96,2009
29,Mexico,54.16,22.39,41.56,39.96,48.66,42.91,2009
30,Poland,53.51,34.76,46.07,40.69,44.58,26.9,2009
31,Bosnia And Herzegovina,49.63,13.06,35.12,58.76,35.99,18.57,2009
32,Bolivia,46.72,21.76,36.82,27.09,37.16,32.47,2009
33,China,43.47,25.07,36.17,58.35,35.17,35.04,2009
34,Thailand,39.85,24.49,33.76,53.3,25.32,33.42,2009
35,India,38.48,10.52,27.39,34.02,29.53,41.43,2009
36,Ukraine,35.74,28.76,32.97,27.19,37.07,30.33,2009
