Country,Field,2010,2011,2012,2013,2014,2015,2016,2017,2018,2019,2020,2021,2022
Austria,B. Mining and quarrying,1.9135946725882746,1.897128117218891,1.8806615618495073,1.8641950064801236,1.8477284511107328,1.8312618957413491,1.8147953403719654,1.7983287850025818,1.781862229633198,1.7653956742638144,1.7489291188944236,1.73246256352504,1.7159960081556562
Austria,C. Manufacturing,1.6959540537547042,1.663733796532469,1.631513539310248,1.599293282088027,1.5670730248657918,1.5348527676435708,1.5026325104213498,1.4704122531991288,1.4381919959768936,1.4059717387546726,1.3737514815324516,1.3415312243102164,1.3093109670879954
Austria,"D. Electricity; gas, steam and air conditioning supply",2.5189776485300257,2.4674190123049016,2.4158603760797774,2.3643017398546533,2.3127431036295434,2.2611844674044193,2.209625831179295,2.158067194954171,2.106508558729061,2.054949922503937,2.003391286278813,1.9518326500536887,1.9002740138285787
Austria,"E. Water supply; sewerage, waste management and remediation activities",1.4391889011688193,1.4066467108623897,1.3741045205559743,1.3415623302495447,1.3090201399431152,1.2764779496366856,1.243935759330256,1.2113935690238407,1.178851378717411,1.1463091884109815,1.113766998104552,1.0812248077981366,1.048682617491707
Austria,F. Construction,1.3922033520269252,1.3536586161232833,1.3151138802196556,1.2765691443160279,1.2380244084124001,1.1994796725087582,1.1609349366051305,1.1223902007015027,1.083845464797875,1.045300728894233,1.0067559929906054,0.9682112570869776,0.9296665211833499
Austria,G. Wholesale and retail trade; repair of motor vehicles and motorcycles,1.2614541530314227,1.2281928020472037,1.194931451062999,1.16167010007878,1.1284087490945751,1.095147398110356,1.0618860471261513,1.0286246961419323,0.9953633451577133,0.9621019941735085,0.9288406431892895,0.8955792922050847,0.8623179412208657
Austria,H. Transportation and storage,1.5226598354728225,1.4781252752047465,1.4335907149366562,1.3890561546685802,1.34452159440049,1.2999870341323998,1.2554524738643238,1.2109179135962336,1.1663833533281576,1.1218487930600674,1.0773142327919913,1.0327796725239011,0.9882451122558109
Austria,I. Accommodation and food service activities,0.735987861676179,0.7022577467589457,0.6685276318417124,0.634797516924479,0.6010674020072599,0.5673372870900266,0.5336071721727933,0.49987705725556,0.46614694233832665,0.43241682742109333,0.39868671250386,0.3649565975866267,0.3312264826694076
Austria,J. Information and communication,2.115872563666869,2.053274056952148,1.9906755502374267,1.9280770435227197,1.8654785368079985,1.8028800300932772,1.7402815233785702,1.677683016663849,1.6150845099491278,1.5524860032344066,1.4898874965196995,1.4272889898049783,1.364690483090257
Austria,K. Financial and insurance activities,2.28394506159745,2.2388127515285845,2.193680441459705,2.1485481313908252,2.10341582132196,2.05828351125308,2.0131512011842148,1.9680188911153351,1.9228865810464555,1.87775427097759,1.8326219609087104,1.787489650839845,1.7423573407709654
Austria,L. Real estate activities,1.4568940430718982,1.4110639840315713,1.3652339249912444,1.3194038659509175,1.2735738069105906,1.2277437478702637,1.1819136888299369,1.13608362978961,1.0902535707492973,1.0444235117089704,0.9985934526686435,0.9527633936283166,0.9069333345879897
Austria,"M. Professional, scientific and technical activities",1.7771530895877277,1.7176275756802966,1.6581020617728655,1.5985765478654343,1.5390510339580175,1.4795255200505864,1.4200000061431552,1.3604744922357384,1.3009489783283072,1.2414234644208761,1.181897950513445,1.1223724366060281,1.062846922698597
Austria,N. Administrative and support service activities,1.0018361533130928,0.9613092747133862,0.9207823961136796,0.880255517513973,0.8397286389142806,0.799201760314574,0.7586748817148674,0.7181480031151608,0.6776211245154684,0.6370942459157618,0.5965673673160552,0.5560404887163628,0.5155136101166562
Austria,P. Education,1.4568608312376057,1.3887472023730538,1.3206335735085304,1.2525199446439785,1.184406315779455,1.1162926869149032,1.0481790580503798,0.980065429185828,0.9119518003213045,0.8438381714567527,0.7757245425922292,0.7076109137276774,0.6394972848631539
Austria,Q. Human health and social work activities,1.25214274201862,1.208968216786971,1.1657936915553222,1.1226191663236733,1.0794446410920244,1.0362701158603755,0.9930955906287267,0.9499210653970636,0.9067465401654147,0.8635720149337658,0.8203974897021169,0.777222964470468,0.7340484392388191
Austria,"R. Arts, entertainment and recreation",1.300450561397355,1.237026517005674,1.173602472613993,1.1101784282223264,1.0467543838306455,0.9833303394389787,0.9199062950472978,0.8564822506556311,0.7930582062639502,0.7296341618722693,0.6662101174806025,0.6027860730889358,0.5393620286972407
Austria,S. Other service activities,1.2354757836793766,1.1906147190264846,1.1457536543735927,1.1008925897207007,1.0560315250678087,1.0111704604149168,0.9663093957620248,0.9214483311091328,0.8765872664562409,0.8317262018033489,0.7868651371504569,0.742004072497565,0.697143007844673
Austria,Total,1.4557023367167403,1.4123241674987241,1.368945998280708,1.3255678290626776,1.2821896598446614,1.2388114906266452,1.195433321408629,1.1520551521905986,1.1086769829725824,1.0652988137545663,1.02192064453655,0.9785424753185197,0.9351643061005035
Canada,Total,1.4927962081246307,1.455210458782119,1.4176247094396075,1.380038960097096,1.3424532107545843,1.304867461412087,1.2672817120695754,1.2296959627270638,1.1921102133845523,1.1545244640420407,1.116938714699529,1.0793529653570175,1.041767216014506
Colombia,F. Construction,0.25697410382615216,0.25899919676069727,0.2610242896952424,0.2630493826297875,0.2650744755643326,0.2670995684988786,0.26912466143342373,0.27114975436796884,0.27317484730251396,0.27519994023705907,0.2772250331716042,0.2792501261061493,0.2812752190406944
Colombia,Total,0.32658503319673304,0.32437392322686165,0.32216281325699025,0.31995170328711975,0.31774059331724835,0.31552948334737696,0.31331837337750557,0.31110726340763506,0.30889615343776367,0.30668504346789227,0.3044739334980209,0.30226282352815037,0.300051713558279
Colombia,"Public Administration, Community, Social and other Services and Activities",0.39551208139397964,0.39241448331740436,0.3893168852408291,0.3862192871642538,0.3831216890876785,0.38002409101110324,0.37692649293452796,0.3738288948579518,0.3707312967813765,0.3676336987048012,0.36453610062822595,0.36143850255165066,0.3583409044750754
Germany,B. Mining and quarrying,2.4141498739509757,2.347753387342607,2.281356900734238,2.2149604141258976,2.148563927517529,2.08216744090916,2.0157709543008195,1.9493744676924507,1.8829779810841103,1.8165814944757415,1.7501850078673726,1.6837885212590322,1.6173920346506634
Germany,C. Manufacturing,2.196751315943331,2.161713464200176,2.126675612457035,2.09163776071388,2.0565999089707248,2.0215620572275697,1.9865242054844288,1.9514863537412737,1.9164485019981186,1.8814106502549635,1.8463727985118226,1.8113349467686675,1.7762970950255124
Germany,"D. Electricity; gas, steam and air conditioning supply",2.882534057424209,2.816077393107861,2.7496207287915126,2.6831640644751644,2.616707400158816,2.550250735842468,2.4837940715261198,2.4173374072097715,2.3508807428934233,2.284424078577075,2.2179674142607553,2.151510749944407,2.085054085628059
Germany,"E. Water supply; sewerage, waste management and remediation activities",1.8642096619702073,1.8205503835443437,1.7768911051184944,1.7332318266926308,1.6895725482667814,1.6459132698409178,1.6022539914150542,1.5585947129892048,1.5149354345633412,1.4712761561374919,1.4276168777116283,1.3839575992857789,1.3402983208599153
Germany,F. Construction,1.690866210362259,1.6609152612557168,1.6309643121491746,1.6010133630426253,1.5710624139360831,1.541111464829541,1.5111605157229988,1.4812095666164566,1.4512586175099074,1.4213076684033652,1.391356719296823,1.3614057701902809,1.3314548210837387
Germany,G. Wholesale and retail trade; repair of motor vehicles and motorcycles,1.842527407321434,1.8147772304797272,1.7870270536380204,1.7592768767963065,1.7315266999545997,1.703776523112893,1.676026346271179,1.6482761694294723,1.6205259925877655,1.5927758157460516,1.5650256389043449,1.537275462062638,1.5095252852209242
Germany,H. Transportation and storage,1.7242376164598028,1.67725803800451,1.6302784595492312,1.5832988810939383,1.5363193026386597,1.4893397241833668,1.4423601457280881,1.3953805672728095,1.3484009888175166,1.301421410362238,1.254441831906945,1.2074622534516664,1.1604826749963735
Germany,I. Accommodation and food service activities,1.125797400806821,1.1116104811555552,1.0974235615042929,1.0832366418530306,1.0690497222017683,1.0548628025505025,1.0406758828992402,1.026488963247978,1.0123020435967156,0.9981151239454533,0.9839282042941875,0.9697412846429252,0.9555543649916629
Germany,J. Information and communication,2.7622811755870913,2.7036374548626583,2.6449937341382252,2.5863500134137922,2.527706292689359,2.469062571964926,2.410418851240493,2.3517751305160743,2.2931314097916413,2.2344876890672083,2.1758439683427753,2.1172002476183422,2.0585565268939092
Germany,K. Financial and insurance activities,2.8311148049415635,2.799227923850239,2.7673410427589147,2.7354541616676045,2.70356728057628,2.6716803994849556,2.639793518393631,2.607906637302321,2.5760197562109965,2.544132875119672,2.5122459940283477,2.4803591129370233,2.448472231845713
Germany,L. Real estate activities,2.155453164960953,2.1255248481078723,2.0955965312547917,2.065668214401711,2.0357398975486376,2.005811580695557,1.9758832638424764,1.9459549469893958,1.9160266301363222,1.8860983132832416,1.856169996430161,1.8262416795770804,1.7963133627239998
Germany,"M. Professional, scientific and technical activities",2.5180995269516586,2.4807882593530195,2.4434769917543804,2.406165724155727,2.368854456557088,2.331543188958449,2.2942319213597955,2.2569206537611564,2.2196093861625172,2.182298118563864,2.144986850965225,2.1076755833665857,2.0703643157679466
Germany,N. Administrative and support service activities,1.2526270183819932,1.2395118826135025,1.2263967468450154,1.2132816110765283,1.2001664753080412,1.187051339539554,1.1739362037710634,1.1608210680025763,1.1477059322340892,1.1345907964656021,1.1214756606971115,1.1083605249286244,1.0952453891601373
Germany,O. Public administration and defence; compulsory social security,1.9897141571213126,1.945246878572604,1.9007796000239097,1.856312321475201,1.8118450429265067,1.7673777643777981,1.7229104858291038,1.6784432072804094,1.6339759287317008,1.5895086501830065,1.5450413716342979,1.5005740930856035,1.456106814536895
Germany,P. Education,2.3041366004064088,2.246662839148456,2.1891890778905037,2.131715316632537,2.0742415553745843,2.0167677941166318,1.9592940328586792,1.9018202716007266,1.8443465103427599,1.7868727490848073,1.7293989878268547,1.6719252265689022,1.6144514653109496
Germany,Q. Human health and social work activities,1.9138163064318192,1.883213221853687,1.852610137275562,1.8220070526974297,1.7914039681193046,1.7608008835411724,1.7301977989630402,1.699594714384915,1.6689916298067828,1.6383885452286577,1.6077854606505255,1.5771823760723933,1.5465792914942682
Germany,"R. Arts, entertainment and recreation",1.7816869653675909,1.776738642250704,1.7717903191338156,1.766841996016927,1.7618936729000403,1.7569453497831518,1.751997026666265,1.7470487035493765,1.7421003804324897,1.7371520573156012,1.7322037341987127,1.727255411081826,1.7223070879649374
Germany,S. Other service activities,1.82466324710348,1.7973740709745414,1.7700848948456027,1.7427957187166712,1.7155065425877325,1.6882173664587938,1.6609281903298623,1.6336390142009236,1.606349838071985,1.5790606619430534,1.5517714858141147,1.524482309685176,1.4971931335562445
Germany,Total,2.0226514616515203,1.9882218217315994,1.9537921818116644,1.9193625418917435,1.8849329019718226,1.8505032620519017,1.8160736221319809,1.78164398221206,1.7472143422921391,1.7127847023722182,1.6783550624522974,1.6439254225323765,1.6094957826124556
Ecuador,F. Construction,0.2976987293927067,0.29337530043151894,0.28905187147033296,0.284728442509147,0.2804050135479592,0.27608158458677323,0.27175815562558725,0.26743472666440127,0.2631112977032135,0.2587878687420275,0.25446443978084154,0.2501410108196538,0.2458175818584678
Ecuador,Total,0.345734657353729,0.34237131739135673,0.33900797742898536,0.3356446374666131,0.33228129750424173,0.3289179575418695,0.3255546175794981,0.32219127761712585,0.3188279376547545,0.3154645976923822,0.31210125773001085,0.3087379177676386,0.3053745778052672
Ecuador,"Public Administration, Community, Social and other Services and Activities",0.4662953119595983,0.46058658022826116,0.4548778484969258,0.44916911676559046,0.4434603850342551,0.437751653302918,0.43204292157158264,0.4263341898402473,0.42062545810891194,0.4149167263775748,0.40920799464623947,0.4034992629149041,0.3977905311835688
Egypt,A. Agriculture; forestry and fishing,0.20538779866852153,0.2032003479586839,0.2010128972488463,0.1988254465390087,0.19663799582917108,0.19445054511933435,0.19226309440949674,0.19007564369965912,0.1878881929898215,0.1857007422799839,0.1835132915701463,0.18132584086030956,0.17913839015047195
Egypt,B. Mining and quarrying,0.39191611298739915,0.38278987841360035,0.373663643839798,0.3645374092659992,0.3554111746922004,0.3462849401184016,0.3371587055446028,0.32803247097080046,0.31890623639700166,0.30978000182320287,0.30065376724940407,0.29152753267560527,0.2824012981018065
Egypt,C. Manufacturing,0.2528856711237779,0.24298267461325196,0.23307967810272245,0.2231766815921965,0.213273685081667,0.20337068857114105,0.19346769206061154,0.1835646955500856,0.17366169903955608,0.16375870252903013,0.15385570601850063,0.14395270950797467,0.13404971299744517
Egypt,"D. Electricity; gas, steam and air conditioning supply",0.41317046756103437,0.3978532433806272,0.3825360192002236,0.36721879501981647,0.3519015708394093,0.3365843466590057,0.32126712247859857,0.3059498982981914,0.2906326741177878,0.27531544993738066,0.2599982257569735,0.2446810015765699,0.22936377739616276
Egypt,"E. Water supply; sewerage, waste management and remediation activities",0.3376975221055716,0.32372401849049837,0.3097505148754287,0.2957770112603555,0.28180350764528583,0.2678300040302126,0.25385650041514296,0.23988299680006975,0.22590949318499653,0.21193598956992687,0.19796248595485366,0.183988982339784,0.1700154787247108
Egypt,F. Construction,0.32667155458473474,0.31563643638950367,0.3046013181942726,0.293566199999038,0.2825310818038069,0.2714959636085723,0.26046084541334125,0.24942572721810663,0.23839060902287557,0.2273554908276445,0.21632037263240989,0.20528525443717882,0.1942501362419442
Egypt,G. Wholesale and retail trade; repair of motor vehicles and motorcycles,0.2327803502021677,0.22524099819600885,0.21770164618985,0.21016229418369115,0.2026229421775323,0.19508359017137344,0.18754423816521637,0.18000488615905752,0.17246553415289867,0.16492618214673982,0.15738683014058097,0.14984747813442212,0.14230812612826327
Egypt,H. Transportation and storage,0.4327524065726749,0.41091917968913094,0.389085952805587,0.36725272592203595,0.345419499038492,0.32358627215494806,0.3017530452714041,0.2799198183878602,0.25808659150431623,0.2362533646207723,0.21442013773722834,0.1925869108536773,0.17075368397013335
Egypt,I. Accommodation and food service activities,0.21917481594212873,0.21095707393418195,0.20273933192623872,0.19452158991829194,0.18630384791034516,0.17808610590239837,0.16986836389445514,0.16165062188650836,0.15343287987856158,0.1452151378706148,0.13699739586267157,0.12877965385472478,0.120561911846778
Egypt,J. Information and communication,0.28863363821747434,0.2843587132539014,0.28008378829032843,0.27580886332675547,0.2715339383631825,0.26725901339960956,0.2629840884360366,0.25870916347246187,0.2544342385088889,0.25015931354531595,0.245884388581743,0.24160946361817004,0.23733453865459708
Egypt,K. Financial and insurance activities,0.9329454609706858,0.8786960944388369,0.824446727906988,0.7701973613751392,0.7159479948432903,0.6616986283114414,0.6074492617795926,0.5531998952477437,0.49895052871589485,0.444701162184046,0.3904517956521971,0.33620242912034826,0.2819530625884994
Egypt,L. Real estate activities,0.2067634209911393,0.20406123398137854,0.20135904697161688,0.19865685996185523,0.19595467295209357,0.1932524859423328,0.19055029893257114,0.18784811192280948,0.1851459249130487,0.18244373790328705,0.1797415508935254,0.17703936388376373,0.17433717687400296
Egypt,"M. Professional, scientific and technical activities",0.2897205092827271,0.2776817683657704,0.2656430274488102,0.2536042865318535,0.24156554561489685,0.22952680469793663,0.21748806378097996,0.2054493228640233,0.19341058194706306,0.1813718410301064,0.16933310011314973,0.1572943591961895,0.14525561827923283
Egypt,N. Administrative and support service activities,0.28258115613386536,0.2713037329895549,0.260026309845248,0.24874888670093753,0.23747146355663062,0.22619404041232016,0.2149166172680097,0.2036391941237028,0.19236177097939233,0.18108434783508187,0.16980692469077496,0.1585295015464645,0.1472520784021576
Egypt,P. Education,0.12651531834277385,0.1292196083580439,0.13192389837331397,0.13462818838858315,0.1373324784038532,0.14003676841912238,0.14274105843439244,0.14544534844966162,0.14814963846493168,0.15085392848020174,0.1535582184954709,0.15626250851074097,0.15896679852601014
Egypt,Q. Human health and social work activities,0.36053197594038267,0.3407375150858627,0.32094305423134273,0.30114859337682276,0.2813541325223028,0.2615596716677828,0.24176521081326285,0.22197074995874289,0.20217628910422292,0.18238182824970295,0.16258736739518298,0.142792906540663,0.12299844568614304
Egypt,"R. Arts, entertainment and recreation",0.18419266952783087,0.18051141591079034,0.17683016229374893,0.1731489086767084,0.16946765505966788,0.16578640144262735,0.16210514782558594,0.1584238942085454,0.1547426405915049,0.15106138697446436,0.14738013335742295,0.14369887974038242,0.1400176261233419
Egypt,S. Other service activities,0.17640041348831126,0.173834992479998,0.17126957147168564,0.1687041504633724,0.16613872945505914,0.1635733084467459,0.16100788743843264,0.1584424664301194,0.15587704542180614,0.1533116244134929,0.15074620340518052,0.14818078239686727,0.14561536138855402
Egypt,Total,0.3300218157077168,0.3163898315774709,0.302757847447225,0.2891258633169791,0.2754938791867332,0.26186189505648727,0.2482299109262378,0.2345979267959919,0.22096594266574598,0.20733395853550007,0.19370197440525416,0.18006999027500825,0.16643800614476234
Estonia,B. Mining and quarrying,0.9805044691723737,0.9615602377363217,0.9426160063002627,0.9236717748642036,0.9047275434281516,0.8857833119920926,0.8668390805560406,0.8478948491199816,0.8289506176839225,0.8100063862478706,0.7910621548118115,0.7721179233757525,0.7531736919397005
Estonia,C. Manufacturing,0.7152672891111678,0.7088803001041217,0.7024933110970757,0.6961063220900296,0.6897193330829836,0.6833323440759376,0.6769453550688933,0.6705583660618473,0.6641713770548012,0.6577843880477552,0.6513973990407091,0.6450104100336631,0.6386234210266171
Estonia,"D. Electricity; gas, steam and air conditioning supply",1.006159339090619,1.0033999815022607,1.0006406239139034,0.9978812663255452,0.995121908737187,0.9923625511488297,0.9896031935604714,0.9868438359721132,0.984084478383755,0.9813251207953977,0.9785657632070395,0.9758064056186813,0.973047048030323
Estonia,"E. Water supply; sewerage, waste management and remediation activities",0.7390372902566913,0.7329733799283211,0.7269094695999492,0.720845559271579,0.7147816489432071,0.7087177386148369,0.7026538282864649,0.6965899179580948,0.6905260076297228,0.6844620973013527,0.6783981869729807,0.6723342766446105,0.6662703663162386
Estonia,F. Construction,0.8108066015130291,0.7923497132841959,0.7738928250553556,0.7554359368265224,0.7369790485976822,0.718522160368849,0.7000652721400087,0.6816083839111755,0.6631514956823352,0.644694607453502,0.6262377192246618,0.6077808309958286,0.5893239427669883
Estonia,G. Wholesale and retail trade; repair of motor vehicles and motorcycles,0.6839013781525924,0.6779404730410388,0.6719795679294851,0.6660186628179314,0.6600577577063778,0.6540968525948241,0.6481359474832704,0.6421750423717185,0.6362141372601648,0.6302532321486112,0.6242923270370575,0.6183314219255038,0.6123705168139502
Estonia,H. Transportation and storage,0.7573074505374677,0.7455912253608439,0.73387500018422,0.7221587750075962,0.7104425498309723,0.6987263246543485,0.6870100994777246,0.6752938743011008,0.6635776491244769,0.6518614239478531,0.6401451987712292,0.6284289735946054,0.6167127484179815
Estonia,I. Accommodation and food service activities,0.48935366273222414,0.48456972484305716,0.4797857869538884,0.47500184906471965,0.47021791117555267,0.4654339732863839,0.46065003539721694,0.4558660975080482,0.45108215961887943,0.44629822172971245,0.4415142838405437,0.4367303459513767,0.43194640806220796
Estonia,J. Information and communication,1.213425585570441,1.2047162894961616,1.1960069934218822,1.1872976973475993,1.1785884012733199,1.1698791051990405,1.1611698091247575,1.1524605130504781,1.1437512169761987,1.1350419209019158,1.1263326248276364,1.117623328753357,1.108914032679074
Estonia,K. Financial and insurance activities,1.2316727766539373,1.2189773206633845,1.2062818646728282,1.1935864086822718,1.180890952691719,1.1681954967011627,1.1555000407106064,1.1428045847200536,1.1301091287294973,1.117413672738941,1.1047182167483882,1.092022760757832,1.0793273047672756
Estonia,L. Real estate activities,0.5620768822320579,0.5614693029638342,0.5608617236956104,0.5602541444273865,0.5596465651591629,0.559038985890939,0.5584314066227152,0.5578238273544913,0.5572162480862675,0.5566086688180438,0.55600108954982,0.5553935102815961,0.5547859310133725
Estonia,"M. Professional, scientific and technical activities",0.9896773856136392,0.9636131810440602,0.9375489764744884,0.9114847719049095,0.8854205673353306,0.8593563627657588,0.8332921581961799,0.8072279536266009,0.7811637490570291,0.7550995444874502,0.7290353399178713,0.7029711353482924,0.6769069307787206
Estonia,N. Administrative and support service activities,0.663468140140683,0.656578096758416,0.6496880533761491,0.6427980099938821,0.6359079666116152,0.6290179232293482,0.6221278798470813,0.6152378364648143,0.6083477930825474,0.6014577497002804,0.5945677063180135,0.5876776629357465,0.5807876195534796
Estonia,O. Public administration and defence; compulsory social security,0.8649524428903739,0.8632585067850029,0.861564570679632,0.859870634574261,0.8581766984688901,0.8564827623635192,0.8547888262581482,0.8530948901527777,0.8514009540474068,0.8497070179420358,0.8480130818366649,0.846319145731294,0.844625209625923
Estonia,P. Education,0.6130504242348493,0.615338929750405,0.6176274352659608,0.6199159407815165,0.6222044462970722,0.6244929518126288,0.6267814573281845,0.6290699628437402,0.6313584683592959,0.6336469738748516,0.6359354793904073,0.638223984905963,0.6405124904215187
Estonia,Q. Human health and social work activities,0.7473543298268126,0.74387773300354,0.7404011361802665,0.736924539356993,0.7334479425337195,0.729971345710446,0.7264947488871725,0.7230181520638999,0.7195415552406264,0.7160649584173528,0.7125883615940793,0.7091117647708058,0.7056351679475323
Estonia,"R. Arts, entertainment and recreation",0.5838738756428095,0.5802428402387623,0.5766118048347142,0.5729807694306661,0.5693497340266189,0.5657186986225708,0.5620876632185228,0.5584566278144747,0.5548255924104275,0.5511945570063794,0.5475635216023313,0.5439324861982833,0.5403014507942361
Estonia,S. Other service activities,0.5327772321211839,0.5204246519825197,0.5080720718438592,0.4957194917051986,0.48336691156653444,0.47101433142787386,0.4586617512892097,0.44630917115054913,0.433956591011885,0.4216040108732244,0.4092514307345603,0.3968988505958997,0.3845462704572391
Estonia,Total,0.7401815426506673,0.733915106940433,0.727648671230197,0.7213822355199628,0.7151157998097268,0.7088493640994908,0.7025829283892566,0.6963164926790206,0.6900500569687846,0.6837836212585504,0.6775171855483144,0.6712507498380784,0.6649843141278442
United Kingdom,A. Agriculture; forestry and fishing,1.0388479922954659,1.0145126982751123,0.9901774042547515,0.9658421102343979,0.9415068162140443,0.9171715221936907,0.8928362281733371,0.8685009341529764,0.8441656401326227,0.8198303461122691,0.7954950520919155,0.7711597580715548,0.7468244640512012
United Kingdom,B. Mining and quarrying,2.453136997572699,2.3782630692390967,2.3033891409054945,2.2285152125718923,2.15364128423829,2.078767355904688,2.003893427571086,1.9290194992374836,1.8541455709038814,1.7792716425702793,1.704397714236677,1.629523785903075,1.5546498575694727
United Kingdom,C. Manufacturing,1.5654828299512786,1.5279403485988752,1.4903978672464717,1.4528553858940683,1.4153129045416648,1.3777704231892614,1.340227941836858,1.3026854604844544,1.265142979132051,1.2276004977796475,1.190058016427244,1.1525155350748406,1.1149730537224372
United Kingdom,"D. Electricity; gas, steam and air conditioning supply",1.9663950509857102,1.9266245833658786,1.886854115746047,1.8470836481262154,1.807313180506398,1.7675427128865664,1.7277722452667348,1.6880017776469032,1.6482313100270716,1.60846084240724,1.5686903747874084,1.5289199071675768,1.4891494395477451
United Kingdom,"E. Water supply; sewerage, waste management and remediation activities",1.565714520940901,1.5316356393445005,1.4975567577481144,1.463477876151714,1.4293989945553278,1.3953201129589274,1.3612412313625413,1.327162349766141,1.2930834681697547,1.2590045865733543,1.2249257049769682,1.1908468233805678,1.1567679417841816
United Kingdom,F. Construction,1.624146603114312,1.5807732027596586,1.5373998024050195,1.4940264020503662,1.4506530016957129,1.4072796013410738,1.3639062009864205,1.3205328006317671,1.277159400277128,1.2337859999224747,1.1904125995678214,1.1470391992131823,1.103665798858529
United Kingdom,G. Wholesale and retail trade; repair of motor vehicles and motorcycles,1.033367684115568,1.012746010134272,0.9921243361529761,0.9715026621716802,0.9508809881903844,0.9302593142090885,0.9096376402277926,0.8890159662464967,0.8683942922652008,0.8477726182838978,0.8271509443026019,0.8065292703213061,0.7859075963400102
United Kingdom,H. Transportation and storage,1.5239214382726232,1.4854978117161437,1.44707418515965,1.4086505586031564,1.3702269320466627,1.331803305490169,1.2933796789336753,1.2549560523771817,1.216532425820688,1.1781087992641943,1.1396851727077006,1.101261546151207,1.0628379195947275
United Kingdom,I. Accommodation and food service activities,0.6635921696434934,0.6514727536186022,0.639353337593711,0.6272339215688234,0.6151145055439322,0.602995089519041,0.5908756734941498,0.5787562574692586,0.5666368414443674,0.5545174254194798,0.5423980093945886,0.5302785933696974,0.5181591773448062
United Kingdom,J. Information and communication,2.017037189534264,1.9642285415575174,1.911419893580785,1.8586112456040524,1.80580259762732,1.7529939496505875,1.700185301673855,1.6473766536971226,1.594568005720376,1.5417593577436435,1.488950709766911,1.4361420617901786,1.383333413813446
United Kingdom,K. Financial and insurance activities,2.2602374593425196,2.211561628818771,2.1628857982950223,2.1142099677712736,2.065534137247525,2.016858306723776,1.9681824762000133,1.9195066456762646,1.870830815152516,1.8221549846287672,1.7734791541050186,1.7248033235812699,1.676127493057507
United Kingdom,L. Real estate activities,1.3920861353981309,1.354205843363033,1.316325551327921,1.2784452592928233,1.2405649672577255,1.2026846752226277,1.1648043831875299,1.126924091152432,1.0890437991173343,1.0511635070822223,1.0132832150471245,0.9754029230120267,0.9375226309769289
United Kingdom,"M. Professional, scientific and technical activities",1.8891002329688433,1.831971359936162,1.7748424869034665,1.7177136138707851,1.6605847408381038,1.6034558678054225,1.546326994772727,1.4891981217400456,1.4320692487073643,1.3749403756746688,1.3178115026419874,1.260682629609306,1.2035537565766248
United Kingdom,N. Administrative and support service activities,1.0285231046445489,1.0121485891155189,0.9957740735864888,0.9793995580574588,0.9630250425284288,0.9466505269993988,0.9302760114703688,0.9139014959413387,0.8975269804123087,0.8811524648832787,0.8647779493542487,0.8484034338252187,0.8320289182961886
United Kingdom,O. Public administration and defence; compulsory social security,1.6073073291386208,1.5558387635545898,1.504370197970573,1.452901632386542,1.401433066802511,1.34996450121848,1.298495935634449,1.247027370050418,1.195558804466387,1.1440902388823702,1.0926216732983391,1.0411531077143081,0.9896845421302771
United Kingdom,P. Education,1.2581748013993632,1.2251851187425018,1.1921954360856546,1.1592057534287932,1.1262160707719318,1.0932263881150845,1.0602367054582231,1.0272470228013617,0.9942573401445145,0.9612676574876531,0.9282779748307917,0.8952882921739445,0.862298609517083
United Kingdom,Q. Human health and social work activities,1.2901545884135572,1.2510671468866121,1.211979705359667,1.172892263832722,1.1338048223057768,1.0947173807788317,1.0556299392518866,1.0165424977249415,0.9774550561979964,0.9383676146710513,0.8992801731441062,0.8601927316171611,0.821105290090216
United Kingdom,"R. Arts, entertainment and recreation",1.0066633418337645,0.9884271560104025,0.9701909701870406,0.9519547843636786,0.9337185985403167,0.9154824127169547,0.8972462268935928,0.8790100410702308,0.8607738552468689,0.8425376694235069,0.824301483600145,0.806065297776783,0.787829111953414
United Kingdom,S. Other service activities,1.1077780593180364,1.076094721762189,1.0444113842063487,1.0127280466505084,0.9810447090946681,0.9493613715388207,0.9176780339829804,0.8859946964271401,0.8543113588712927,0.8226280213154524,0.790944683759605,0.7592613462037718,0.7275780086479244
United Kingdom,T. Activities of households as employers; undifferentiated goods- and services-producing activities of households for own use,0.5564385043361355,0.5387818533525248,0.5211252023689141,0.5034685513853034,0.48581190040169275,0.46815524941808206,0.4504985984344714,0.4328419474508678,0.4151852964672571,0.3975286454836464,0.3798719945000357,0.36221534351642504,0.34455869253281435
United Kingdom,Total,1.3722939215509626,1.3363137685602169,1.3003336155694853,1.2643534625787396,1.228373309588008,1.1923931565972623,1.1564130036065308,1.1204328506157992,1.0844526976250535,1.048472544634322,1.0124923916435762,0.9765122386528446,0.9405320856620989
Greece,B. Mining and quarrying,1.1941321156262745,1.1061645620994796,1.018197008572713,0.930229455045918,0.8422619015191231,0.7542943479923281,0.6663267944655615,0.5783592409387666,0.4903916874119716,0.4024241338851766,0.31445658035841006,0.2264890268316151,0.13852147330482012
Greece,C. Manufacturing,0.8165033444566205,0.7647797773068135,0.7130562101570064,0.6613326430071851,0.609609075857378,0.5578855087075709,0.5061619415577638,0.45443837440795676,0.4027148072581497,0.3509912401083426,0.2992676729585355,0.24754410580871422,0.19582053865890714
Greece,"D. Electricity; gas, steam and air conditioning supply",1.3662138645071877,1.2683622890287438,1.1705107135503,1.0726591380718844,0.9748075625934405,0.8769559871149966,0.7791044116365811,0.6812528361581371,0.5834012606796932,0.4855496852012777,0.3876981097228338,0.2898465342443899,0.1919949587659744
Greece,"E. Water supply; sewerage, waste management and remediation activities",0.9999852612071436,0.9257533904900299,0.8515215197729162,0.7772896490558026,0.7030577783386889,0.6288259076215752,0.5545940369044615,0.48036216618734784,0.40613029547023416,0.3318984247531205,0.2576665540360352,0.18343468331892154,0.10920281260180786
Greece,F. Construction,0.7671194827159695,0.7157183350377352,0.6643171873595008,0.6129160396812665,0.5615148920030322,0.5101137443247978,0.4587125966465635,0.40731144896832916,0.3559103012900948,0.3045091536118605,0.25310800593362615,0.2017068582553918,0.15030571057715747
Greece,G. Wholesale and retail trade; repair of motor vehicles and motorcycles,0.7220032742378351,0.6754961042235408,0.6289889342092607,0.5824817641949664,0.5359745941806722,0.4894674241663921,0.44296025415209783,0.39645308413780356,0.3499459141235093,0.3034387441092292,0.25693157409493494,0.21042440408064067,0.1639172340663606
Greece,H. Transportation and storage,0.9933537425807089,0.9347194660440437,0.8760851895073785,0.8174509129707133,0.7588166364340481,0.7001823598973971,0.6415480833607319,0.5829138068240667,0.5242795302874015,0.4656452537507363,0.4070109772140711,0.3483767006774059,0.2897424241407407
Greece,I. Accommodation and food service activities,0.6358029024716672,0.5938836826514517,0.5519644628312506,0.5100452430110494,0.4681260231908482,0.426206803370647,0.3842875835504458,0.3423683637302446,0.3004491439100434,0.2585299240898422,0.21661070426964102,0.17469148444943983,0.13277226462922442
Greece,J. Information and communication,1.0265356635734975,0.9569075795143647,0.8872794954552603,0.8176514113961275,0.7480233273369947,0.6783952432778904,0.6087671592187576,0.5391390751596248,0.4695109911005204,0.3998829070413876,0.33025482298225484,0.26062673892315047,0.19099865486401768
Greece,K. Financial and insurance activities,1.1594794596541362,1.0823683390902374,1.0052572185263386,0.9281460979624399,0.8510349773985411,0.7739238568346423,0.6968127362707435,0.6197016157068447,0.5425904951429459,0.4654793745790471,0.3883682540151483,0.3112571334512495,0.2341460128873507
Greece,L. Real estate activities,0.6454707042896786,0.6142792224964566,0.5830877407032347,0.5518962589100198,0.5207047771167979,0.4895132953235759,0.45832181353036106,0.4271303317371391,0.39593884994391715,0.3647473681506952,0.33355588635748035,0.3023644045642584,0.27117292277103644
Greece,"M. Professional, scientific and technical activities",0.859357052423178,0.8062674830146648,0.7531779136061516,0.7000883441976526,0.6469987747891395,0.5939092053806263,0.5408196359721131,0.48773006656359996,0.434640497155101,0.38155092774658783,0.32846135833807466,0.2753717889295615,0.22228221952104832
Greece,N. Administrative and support service activities,0.6212747996222703,0.5828293129936242,0.5443838263649781,0.5059383397363177,0.46749285310767164,0.4290473664790113,0.3906018798503652,0.3521563932217191,0.3137109065930588,0.27526541996441267,0.23681993333575235,0.19837444670710624,0.15992896007844593
Greece,O. Public administration and defence; compulsory social security,0.8331570370939119,0.7918775085580307,0.7505979800221354,0.7093184514862543,0.6680389229503589,0.6267593944144778,0.5854798658785825,0.5442003373427013,0.502920808806806,0.46164128027091067,0.42036175173502954,0.3790822231991342,0.3378026946632531
Greece,P. Education,0.90908914092212,0.853739165347335,0.7983891897725499,0.7430392141977791,0.687689238622994,0.632339263048209,0.5769892874734239,0.5216393118986389,0.46628933632385383,0.410939360749083,0.35558938517429795,0.3002394095995129,0.24488943402472785
Greece,Q. Human health and social work activities,0.9334631461913148,0.8724011993232494,0.8113392524551983,0.7502773055871472,0.6892153587190961,0.628153411851045,0.5670914649829939,0.5060295181149286,0.44496757124687747,0.38390562437882636,0.32284367751077525,0.26178173064272414,0.20071978377465882
Greece,"R. Arts, entertainment and recreation",0.8215595914758183,0.7599405943289383,0.6983215971820442,0.6367026000351643,0.5750836028882702,0.5134646057413761,0.4518456085944962,0.39022661144760207,0.32860761430072216,0.26698861715382805,0.20536962000694814,0.14375062286005402,0.08213162571317412
Greece,S. Other service activities,0.6967760682241106,0.6536283311731239,0.6104805941221514,0.5673328570711789,0.5241851200202063,0.4810373829692338,0.4378896459182471,0.39474190886727456,0.35159417181630204,0.3084464347653295,0.265298697714357,0.22215096066337026,0.17900322361239773
Greece,Total,0.8449980325809747,0.7912807472289529,0.7375634618769169,0.6838461765248951,0.6301288911728591,0.5764116058208373,0.5226943204688013,0.46897703511677946,0.41525974976474345,0.36154246441272164,0.3078251790606856,0.2541078937086638,0.2003906083566278
Indonesia,Total,0.12225758674103093,0.12173744753625448,0.12121730833147826,0.12069716912670181,0.12017702992192558,0.11965689071714913,0.11913675151237291,0.11861661230759668,0.11809647310282023,0.117576333898044,0.11705619469326756,0.11653605548849133,0.11601591628371488
Indonesia,"Public Administration, Community, Social and other Services and Activities",0.15265845201182948,0.15048140291751455,0.14830435382319873,0.1461273047288838,0.14395025563456887,0.14177320654025305,0.13959615744593812,0.1374191083516223,0.13524205925730737,0.13306501016299155,0.13088796106867662,0.1287109119743608,0.12653386288004587
Ireland,B. Mining and quarrying,2.0715617997770153,2.001271123435316,1.9309804470936172,1.8606897707519465,1.7903990944102475,1.7201084180685768,1.6498177417268778,1.5795270653852072,1.509236389043508,1.4389457127018375,1.3686550363601384,1.2983643600184678,1.2280736836767687
Ireland,C. Manufacturing,1.7468219470603543,1.7019692328010194,1.6571165185416845,1.6122638042823496,1.5674110900230147,1.5225583757636656,1.4777056615043307,1.4328529472449958,1.3880002329856609,1.343147518726326,1.298294804466991,1.2534420902076562,1.208589375948307
Ireland,F. Construction,1.51603716629198,1.4753322686579082,1.4346273710238222,1.3939224733897504,1.3532175757556644,1.3125126781215926,1.2718077804875065,1.2311028828534347,1.1903979852193487,1.1496930875852769,1.1089881899511909,1.068283292317119,1.027578394683033
Ireland,G. Wholesale and retail trade; repair of motor vehicles and motorcycles,1.1156347699398026,1.0904665655155554,1.0652983610913012,1.040130156667054,1.0149619522427997,0.9897937478185526,0.9646255433942983,0.9394573389700511,0.9142891345457969,0.8891209301215497,0.8639527256972954,0.8387845212730483,0.813616316848794
Ireland,H. Transportation and storage,1.5516750695356478,1.5135466065043062,1.4754181434729503,1.4372896804415944,1.3991612174102386,1.361032754378897,1.322904291347541,1.2847758283161852,1.2466473652848293,1.2085189022534877,1.1703904392221318,1.132261976190776,1.09413351315942
Ireland,I. Accommodation and food service activities,0.6902669398921617,0.6709563096561411,0.6516456794201204,0.6323350491840998,0.6130244189480791,0.5937137887120585,0.574403158476045,0.5550925282400243,0.5357818980040037,0.516471267767983,0.4971606375319624,0.47785000729594174,0.4585393770599282
Ireland,J. Information and communication,2.116717345437472,2.093758662698143,2.070799979958821,2.047841297219499,2.0248826144801697,2.0019239317408477,1.9789652490015186,1.9560065662621966,1.9330478835228675,1.9100892007835455,1.8871305180442235,1.8641718353048944,1.8412131525655724
Ireland,K. Financial and insurance activities,2.2715710047353497,2.2189348132732363,2.166298621811123,2.1136624303490095,2.061026238886896,2.008390047424797,1.9557538559626835,1.90311766450057,1.8504814730384567,1.7978452815763433,1.7452090901142299,1.6925728986521307,1.6399367071900173
Ireland,L. Real estate activities,1.248331155023763,1.2378704406849828,1.227409726346199,1.2169490120074151,1.2064882976686313,1.196027583329851,1.1855668689910672,1.1751061546522834,1.1646454403134996,1.1541847259747193,1.1437240116359355,1.1332632972971517,1.1228025829583679
Ireland,"M. Professional, scientific and technical activities",1.7101079844151599,1.674436363135058,1.6387647418549705,1.6030931205748828,1.567421499294781,1.5317498780146934,1.4960782567345916,1.460406635454504,1.4247350141744022,1.3890633928943146,1.3533917716142128,1.3177201503341252,1.2820485290540233
Ireland,N. Administrative and support service activities,1.0503852926808008,1.0313297279086768,1.0122741631365528,0.9932185983644217,0.9741630335922977,0.9551074688201737,0.9360519040480497,0.9169963392759186,0.8979407745037946,0.8788852097316706,0.8598296449595466,0.8407740801874155,0.8217185154152915
Ireland,O. Public administration and defence; compulsory social security,2.024002351348969,1.9535507860416885,1.8830992207344082,1.8126476554271278,1.7421960901198474,1.671744524812567,1.6012929595052867,1.5308413941980064,1.4603898288907544,1.389938263583474,1.3194866982761937,1.2490351329689133,1.178583567661633
Ireland,P. Education,1.8420231491828076,1.770867947730352,1.6997127462778963,1.6285575448254406,1.5574023433729849,1.4862471419205292,1.4150919404680735,1.3439367390156178,1.2727815375631621,1.201626336110678,1.1304711346582224,1.0593159332057667,0.988160731753311
Ireland,Q. Human health and social work activities,1.5590089449514153,1.4993288399834057,1.4396487350153961,1.3799686300473724,1.3202885250793628,1.2606084201113532,1.2009283151433436,1.1412482101753199,1.0815681052073103,1.0218880002393007,0.9622078952712769,0.9025277903032674,0.8428476853352578
Ireland,"R. Arts, entertainment and recreation",1.055049606060841,1.02752810283976,1.000006599618672,0.9724850963975911,0.9449635931765101,0.9174420899554292,0.8899205867343412,0.8623990835132602,0.8348775802921793,0.8073560770710912,0.7798345738500103,0.7523130706289294,0.7247915674078484
Ireland,S. Other service activities,1.0401745237027171,0.9964461112369065,0.9527176987711101,0.9089892863052995,0.8652608738395031,0.8215324613736925,0.7778040489078961,0.7340756364420855,0.6903472239762891,0.6466188115104785,0.6028903990446821,0.5591619865788715,0.5154335741130751
Ireland,Total,1.5171504072102948,1.4729621900809633,1.428773972951646,1.3845857558223287,1.3403975386929972,1.2962093215636799,1.2520211044343625,1.2078328873050452,1.1636446701757137,1.1194564530463964,1.075268235917079,1.0310800187877618,0.9868918016584303
Japan,B. Mining and quarrying,1.3145968085779884,1.2475915825744721,1.1805863565709274,1.113581130567411,1.0465759045638947,0.97957067856035,0.9125654525568336,0.8455602265532889,0.7785550005497726,0.7115497745462278,0.6445445485427115,0.5775393225391667,0.5105340965356504
Japan,F. Construction,1.3262778524479018,1.260845929096348,1.1954140057448228,1.1299820823932691,1.0645501590417155,0.9991182356901618,0.9336863123386365,0.8682543889870828,0.8028224656355292,0.7373905422840039,0.6719586189324502,0.6065266955808966,0.5410947722293429
Japan,G. Wholesale and retail trade; repair of motor vehicles and motorcycles,1.2573547672375298,1.1932942328981255,1.1292336985587212,1.0651731642193454,1.001112629879941,0.9370520955405368,0.8729915612011325,0.8089310268617567,0.7448704925223524,0.6808099581829481,0.6167494238435438,0.5526888895041395,0.48862835516476366
Japan,H. Transportation and storage,1.1072263117656007,1.0521470264038015,0.9970677410419881,0.941988455680189,0.8869091703183898,0.8318298849565764,0.7767505995947772,0.721671314232978,0.6665920288711789,0.6115127435093655,0.5564334581475663,0.5013541727857671,0.4462748874239537
Japan,I. Accommodation and food service activities,1.0068875273891393,0.9541202524490018,0.90135297750885,0.8485857025687125,0.7958184276285607,0.7430511526884231,0.6902838777482714,0.6375166028081196,0.5847493278679821,0.5319820529278303,0.47921477798769274,0.426447503047541,0.3736802281074034
Japan,J. Information and communication,1.6004519834971518,1.5132018005102168,1.4259516175232818,1.3387014345363468,1.2514512515493834,1.1642010685624484,1.0769508855755134,0.9897007025885785,0.902450519601615,0.81520033661468,0.7279501536277451,0.6406999706408101,0.5534497876538467
Japan,K. Financial and insurance activities,1.5898004135695771,1.5012346940938528,1.4126689746181285,1.3241032551424041,1.2355375356666798,1.1469718161909555,1.0584060967152595,0.9698403772395352,0.8812746577638109,0.7927089382880865,0.7041432188123622,0.6155774993366379,0.5270117798609135
Japan,L. Real estate activities,1.3508200268833264,1.2788204130045813,1.2068207991258646,1.134821185247148,1.0628215713684028,0.9908219574896862,0.9188223436109695,0.8468227297322244,0.7748231158535077,0.702823501974791,0.6308238880960744,0.5588242742173293,0.4868246603386126
Japan,"M. Professional, scientific and technical activities",1.5955971450956952,1.5090740641885532,1.4225509832814112,1.3360279023742692,1.2495048214671272,1.1629817405599852,1.0764586596528432,0.9899355787457012,0.9034124978385591,0.8168894169314171,0.7303663360243036,0.6438432551171616,0.5573201742100196
Japan,P. Education,1.6549937032132789,1.5614973508043022,1.4680009983953255,1.3745046459863488,1.2810082935773721,1.187511941168367,1.0940155887593903,1.0005192363504136,0.9070228839414369,0.8135265315324602,0.7200301791234835,0.6265338267145069,0.5330374743055302
Japan,Q. Human health and social work activities,1.1638153928256258,1.1026523675980826,1.0414893423705394,0.9803263171429961,0.9191632919154387,0.8580002666878954,0.7968372414603522,0.7356742162328089,0.6745111910052657,0.6133481657777224,0.5521851405501792,0.49102211532263595,0.4298590900950785
Japan,"R. Arts, entertainment and recreation",1.06984504194034,1.0142833726267781,0.9587217033132021,0.9031600339996402,0.8475983646860783,0.7920366953725164,0.7364750260589403,0.6809133567453785,0.6253516874318166,0.5697900181182547,0.5142283488046786,0.4586666794911167,0.40310501017755485
Japan,S. Other service activities,1.0713319881912753,1.0144808082746835,0.9576296283581058,0.9007784484415282,0.8439272685249506,0.787076088608373,0.7302249086917953,0.6733737287752177,0.6165225488586401,0.5596713689420625,0.5028201890254849,0.44596900910890724,0.3891178291923296
Japan,Total,1.2660976995402393,1.199308715497608,1.1325197314549484,1.0657307474123172,0.998941763369686,0.9321527793270263,0.8653637952843951,0.7985748112417355,0.7317858271991042,0.664996843156473,0.5982078591138134,0.5314188750711821,0.4646298910285225
Mexico,C. Manufacturing,0.3592543085899109,0.36821139781772416,0.3771684870455374,0.3861255762733542,0.39508266550116744,0.40403975472898424,0.4129968439567975,0.4219539331846107,0.4309110224124275,0.43986811164024076,0.448825200868054,0.4577822900958708,0.46673937932368403
Norway,A. Agriculture; forestry and fishing,1.8120247897494437,1.7181478629107971,1.6242709360721506,1.530394009233504,1.436517082394829,1.3426401555561824,1.2487632287175359,1.1548863018788609,1.0610093750402143,0.9671324482015677,0.8732555213628928,0.7793785945242462,0.6855016676855996
Norway,B. Mining and quarrying,2.7694589054984533,2.6705750170496003,2.5716911286007473,2.472807240151866,2.373923351703013,2.27503946325416,2.176155574805307,2.0772716863564256,1.9783877979075726,1.8795039094587196,1.7806200210098382,1.6817361325609852,1.5828522441121322
Norway,C. Manufacturing,1.7989273578470204,1.7347495424873784,1.670571727127765,1.6063939117681514,1.5422160964085094,1.478038281048896,1.4138604656892824,1.3496826503296404,1.2855048349700269,1.2213270196104133,1.1571492042507998,1.0929713888911579,1.0287935735315443
Norway,"D. Electricity; gas, steam and air conditioning supply",2.1204310858718003,2.060482861133167,2.0005346363945335,1.940586411655886,1.8806381869172526,1.820689962178605,1.7607417374399716,1.7007935127013383,1.6408452879626907,1.5808970632240573,1.520948838485424,1.4610006137467764,1.401052389008143
Norway,"E. Water supply; sewerage, waste management and remediation activities",1.6767173881839597,1.6134409364522213,1.550164484720483,1.4868880329887588,1.4236115812570205,1.3603351295252821,1.2970586777935438,1.2337822260618054,1.170505774330067,1.1072293225983287,1.0439528708665904,0.980676419134852,0.9173999674031137
Norway,F. Construction,1.6942960530537903,1.630566469021261,1.5668368849887315,1.5031073009562306,1.4393777169237012,1.3756481328911718,1.3119185488586425,1.248188964826113,1.1844593807935837,1.1207297967610543,1.057000212728525,0.9932706286959956,0.9295410446634662
Norway,G. Wholesale and retail trade; repair of motor vehicles and motorcycles,1.7165411062392764,1.6433726222741143,1.5702041383089806,1.4970356543438186,1.4238671703786565,1.3506986864134944,1.2775302024483324,1.2043617184831987,1.1311932345180367,1.0580247505528746,0.9848562665877125,0.9116877826225789,0.8385192986574168
Norway,H. Transportation and storage,1.789681065433399,1.721641708780254,1.6536023521270806,1.5855629954739356,1.5175236388207622,1.4494842821676173,1.3814449255144439,1.3134055688612989,1.2453662122081255,1.1773268555549805,1.1092874989018071,1.0412481422486621,0.9732087855954887
Norway,I. Accommodation and food service activities,1.4199931715480147,1.3503468828978669,1.280700594247719,1.211054305597571,1.1414080169474232,1.0717617282972753,1.0021154396471275,0.9324691509969796,0.8628228623468317,0.7931765736966838,0.7235302850465359,0.6538839963963881,0.5842377077462402
Norway,J. Information and communication,2.297743086144777,2.2149726171795407,2.132202148214276,2.0494316792490395,1.9666612102837746,1.8838907413185098,1.8011202723532733,1.7183498033880085,1.635579334422772,1.5528088654575072,1.4700383964922707,1.387267927527006,1.304497458561741
Norway,K. Financial and insurance activities,2.4671676602768287,2.386459505904611,2.3057513515323933,2.2250431971601756,2.144335042787958,2.0636268884157403,1.9829187340435226,1.902210579671305,1.8215024252990872,1.7407942709268696,1.6600861165546519,1.5793779621824342,1.4986698078102165
Norway,L. Real estate activities,2.1643760743637586,2.083487604218078,2.0025991340723976,1.9217106639266888,1.8408221937810083,1.7599337236353279,1.6790452534896474,1.598156783343967,1.517268313198258,1.4363798430525776,1.3554913729068971,1.2746029027612167,1.1937144326155078
Norway,"M. Professional, scientific and technical activities",2.305057581323183,2.2121890104900217,2.119320439656832,2.026451868823642,1.9335832979904524,1.8407147271572626,1.7478461563240728,1.654977585490883,1.5621090146576933,1.4692404438245035,1.3763718729913137,1.283503302158124,1.1906347313249626
Norway,N. Administrative and support service activities,1.5953952302196512,1.5294645741307136,1.4635339180417475,1.3976032619527814,1.3316726058638153,1.2657419497748492,1.1998112936858831,1.133880637596917,1.067949981507951,1.0020193254189849,0.9360886693300188,0.8701580132410527,0.804227357152115
Norway,O. Public administration and defence; compulsory social security,1.8885859369546552,1.821822846859419,1.7550597567641546,1.6882966666689185,1.621533576573654,1.5547704864783896,1.4880073963831535,1.421244306287889,1.354481216192653,1.2877181260973884,1.220955036002124,1.154191945906888,1.0874288558116234
Norway,P. Education,1.8659448840345476,1.787377977661663,1.7088110712888067,1.6302441649159505,1.5516772585430658,1.4731103521702096,1.3945434457973533,1.3159765394244687,1.2374096330516124,1.1588427266787562,1.0802758203058715,1.0017089139330153,0.9231420075601591
Norway,Q. Human health and social work activities,1.6928653508314255,1.6268684205585089,1.5608714902855638,1.4948745600126188,1.4288776297396737,1.3628806994667286,1.2968837691937836,1.2308868389208385,1.1648899086478934,1.0988929783749484,1.0328960481020033,0.9668991178290582,0.9009021875561132
Norway,"R. Arts, entertainment and recreation",1.704570234683473,1.630266555696977,1.5559628767104527,1.4816591977239284,1.4073555187374325,1.3330518397509081,1.2587481607644122,1.1844444817778879,1.1101408027913635,1.0358371238048676,0.9615334448183432,0.8872297658318473,0.812926086845323
Norway,S. Other service activities,1.674569110616659,1.6101190523899618,1.5456689941632646,1.481218935936596,1.4167688777098988,1.3523188194832017,1.2878687612565045,1.2234187030298074,1.1589686448031387,1.0945185865764415,1.0300685283497444,0.9656184701230472,0.9011684118963501
Norway,Total,1.8727885656189756,1.7965748083096287,1.7203610510002818,1.644147293690935,1.567933536381588,1.4917197790722412,1.4155060217628659,1.339292264453519,1.2630785071441721,1.1868647498348253,1.1106509925254784,1.0344372352161315,0.9582234779067562
Panama,F. Construction,0.4640801756336401,0.45236134827179697,0.4406425209099538,0.4289236935481142,0.41720486618627106,0.4054860388244279,0.3937672114625883,0.38204838410074515,0.370329556738902,0.3586107293770624,0.34689190201521924,0.3351730746533761,0.3234542472915365
Panama,Total,0.4717143199814,0.46382612306775073,0.45593792615409967,0.4480497292404504,0.44016153232679933,0.43227333541315005,0.424385138499499,0.4164969415858497,0.40860874467219865,0.4007205477585494,0.3928323508448983,0.38494415393124903,0.37705595701759975
Philippines,A. Agriculture; forestry and fishing,0.10539969208007682,0.10473232961625278,0.10406496715242897,0.10339760468860493,0.10273024222478111,0.10206287976095707,0.10139551729713303,0.10072815483330921,0.10006079236948517,0.09939342990566113,0.09872606744183732,0.09805870497801328,0.09739134251418946
Philippines,B. Mining and quarrying,0.14925257178682383,0.15265193475069694,0.15605129771457005,0.15945066067844227,0.16285002364231538,0.1662493866061876,0.1696487495700607,0.17304811253393293,0.17644747549780604,0.17984683846167915,0.18324620142555137,0.18664556438942448,0.1900449273532967
Philippines,C. Manufacturing,0.21890093334685545,0.2133790971263494,0.2078572609058451,0.20233542468533905,0.196813588464833,0.19129175224432693,0.18576991602382265,0.18024807980331659,0.17472624358281053,0.16920440736230447,0.1636825711417984,0.15816073492129412,0.15263889870078806
Philippines,"D. Electricity; gas, steam and air conditioning supply",0.315092889576265,0.31660157622249185,0.3181102628687187,0.3196189495149455,0.32112763616117235,0.3226363228073992,0.32414500945362557,0.3256536960998524,0.32716238274607923,0.32867106939230606,0.3301797560385329,0.3316884426847597,0.33319712933098655
Philippines,"E. Water supply; sewerage, waste management and remediation activities",0.2252679072992807,0.22420164506518558,0.22313538283109047,0.2220691205969958,0.22100285836290068,0.21993659612880556,0.21887033389471044,0.21780407166061533,0.21673780942652066,0.21567154719242554,0.21460528495833042,0.2135390227242353,0.21247276049014063
Philippines,F. Construction,0.2464688892924798,0.23533732497415016,0.22420576065582054,0.21307419633749092,0.2019426320191613,0.19081106770083167,0.17967950338250205,0.16854793906417243,0.1574163747458428,0.14628481042751318,0.13515324610918356,0.12402168179085393,0.11289011747252431
Philippines,G. Wholesale and retail trade; repair of motor vehicles and motorcycles,0.1975430669409377,0.19171838819574027,0.18589370945054462,0.1800690307053472,0.17424435196015153,0.1684196732149541,0.16259499446975845,0.1567703157245628,0.15094563697936536,0.1451209582341697,0.13929627948897227,0.13347160074377662,0.1276469219985792
Philippines,H. Transportation and storage,0.20643858785177105,0.20612148612966785,0.20580438440756466,0.20548728268546146,0.20517018096335826,0.20485307924125495,0.20453597751915176,0.20421887579704856,0.20390177407494536,0.20358467235284206,0.20326757063073886,0.20295046890863566,0.20263336718653246
Philippines,I. Accommodation and food service activities,0.19368555772908103,0.1891746832843051,0.18466380883952915,0.18015293439475322,0.17564205994997728,0.17113118550520134,0.1666203110604254,0.16210943661564947,0.15759856217087354,0.1530876877260976,0.14857681328132166,0.14406593883654573,0.1395550643917698
Philippines,J. Information and communication,0.27892118626733087,0.2845167489855438,0.2901123117037585,0.29570787442197144,0.30130343714018437,0.3068989998583973,0.312494562576612,0.31809012529482494,0.3236856880130379,0.3292812507312508,0.3348768134494655,0.34047237616767845,0.3460679388858914
Philippines,K. Financial and insurance activities,0.38560255511838193,0.37328550243208625,0.36096844974579056,0.34865139705949133,0.33633434437319565,0.32401729168689997,0.31170023900060073,0.29938318631430505,0.28706613362800937,0.2747490809417137,0.26243202825541445,0.25011497556911877,0.2377979228828231
Philippines,L. Real estate activities,0.3265954447114705,0.32108146469246535,0.3155674846734602,0.31005350465445325,0.3045395246354481,0.29902554461644293,0.293511564597436,0.28799758457843083,0.28248360455942567,0.2769696245404205,0.2714556445214136,0.2659416645024084,0.26042768448340325
Philippines,"M. Professional, scientific and technical activities",0.35377002026067217,0.35256577005446577,0.35136151984825936,0.35015726964205296,0.34895301943584656,0.34774876922964015,0.34654451902343375,0.3453402688172269,0.3441360186110205,0.3429317684048141,0.3417275181986077,0.3405232679924013,0.3393190177861949
Philippines,N. Administrative and support service activities,0.38456255224048874,0.36663015586459835,0.34869775948870796,0.33076536311281757,0.3128329667369272,0.2949005703610439,0.2769681739851535,0.2590357776092631,0.24110338123337272,0.22317098485748232,0.20523858848159193,0.18730619210570154,0.16937379572981115
Philippines,P. Education,0.37965779951349177,0.3774448453011958,0.37523189108890076,0.3730189368766057,0.37080598266430975,0.3685930284520147,0.36638007423971874,0.3641671200274237,0.36195416581512774,0.3597412116028327,0.3575282573905376,0.35531530317824167,0.3531023489659466
Philippines,"R. Arts, entertainment and recreation",0.23584228321099943,0.23159562878887208,0.22734897436674473,0.22310231994461738,0.21885566552249003,0.21460901110036268,0.21036235667823533,0.20611570225610798,0.20186904783398063,0.19762239341185328,0.19337573898972593,0.18912908456759858,0.18488243014547123
Philippines,S. Other service activities,0.10170938424311612,0.10187389371384395,0.10203840318457172,0.10220291265529954,0.10236742212602731,0.10253193159675514,0.10269644106748291,0.10286095053821073,0.1030254600089385,0.10318996947966633,0.1033544789503941,0.10351898842112192,0.10368349789184969
Philippines,U. Activities of extraterritorial organizations and bodies,0.7154384446621691,0.6749452814561039,0.6344521182500529,0.5939589550440019,0.5534657918379366,0.5129726286318856,0.4724794654258204,0.4319863022197694,0.3914931390137184,0.3509999758076532,0.3105068126016022,0.27001364939555117,0.22952048618948595
Philippines,Total,0.21855038043433694,0.21465986060046038,0.21076934076658382,0.20687882093270726,0.20298830109882982,0.19909778126495326,0.1952072614310767,0.19131674159720014,0.1874262217633227,0.18353570192944613,0.17964518209556957,0.175754662261693,0.17186414242781556
Philippines,"Public Administration, Community, Social and other Services and Activities",0.18753658927316685,0.19427470863381302,0.2010128279944592,0.20775094735510358,0.21448906671574974,0.2212271860763959,0.22796530543704208,0.23470342479768647,0.24144154415833263,0.2481796635189788,0.25491778287962497,0.26165590224026936,0.2683940216009155
Poland,A. Agriculture; forestry and fishing,0.9508214517315778,0.9223013920976939,0.89378133246381,0.865261272829926,0.8367412131960421,0.8082211535621511,0.7797010939282671,0.7511810342943832,0.7226609746604993,0.6941409150266082,0.6656208553927243,0.6371007957588404,0.6085807361249564
Poland,B. Mining and quarrying,1.6512792688386924,1.584194500559704,1.5171097322807157,1.450024964001699,1.3829401957227105,1.3158554274436938,1.2487706591647054,1.1816858908856887,1.1146011226067003,1.0475163543276835,0.9804315860486952,0.9133468177696784,0.8462620494906901
Poland,C. Manufacturing,0.8024401877774139,0.7821731560629601,0.7619061243485135,0.7416390926340668,0.7213720609196201,0.7011050292051664,0.6808379974907197,0.6605709657762731,0.6403039340618264,0.6200369023473726,0.599769870632926,0.5795028389184793,0.5592358072040327
Poland,"D. Electricity; gas, steam and air conditioning supply",1.476035652240256,1.427662281581405,1.3792889109225683,1.3309155402637174,1.2825421696048664,1.2341687989460155,1.1857954282871788,1.1374220576283278,1.0890486869694769,1.040675316310626,0.9923019456517892,0.9439285749929383,0.8955552043340873
Poland,"E. Water supply; sewerage, waste management and remediation activities",0.8819879105132884,0.85066917843195,0.8193504463506116,0.7880317142692732,0.7567129821879348,0.7253942501065964,0.694075518025258,0.6627567859439196,0.6314380538625812,0.6001193217812428,0.5688005896999044,0.537481857618566,0.5061631255372276
Poland,F. Construction,0.7410591207428325,0.716930588694602,0.6928020566463786,0.6686735245981481,0.6445449925499247,0.6204164605017013,0.5962879284534708,0.5721593964052474,0.548030864357024,0.5239023323087935,0.49977380026057006,0.47564526821233954,0.45151673616411614
Poland,G. Wholesale and retail trade; repair of motor vehicles and motorcycles,0.7156098187741264,0.6986430667412904,0.6816763147084615,0.6647095626756254,0.6477428106427894,0.6307760586099533,0.6138093065771173,0.5968425545442813,0.5798758025114452,0.5629090504786092,0.5459422984457802,0.5289755464129442,0.5120087943801082
Poland,H. Transportation and storage,0.803114725146159,0.7752048017227651,0.7472948782993782,0.7193849548759843,0.6914750314525975,0.6635651080292035,0.6356551846058167,0.6077452611824299,0.579835337759036,0.5519254143356491,0.5240154909122552,0.49610556748886836,0.4681956440654744
Poland,I. Accommodation and food service activities,0.5453367673189184,0.5313991966827949,0.5174616260466713,0.5035240554105478,0.48958648477442424,0.4756489141383007,0.46171134350217713,0.4477737728660536,0.43383620222993,0.41989863159380647,0.4059610609576829,0.39202349032155936,0.3780859196854358
Poland,J. Information and communication,1.501057607776744,1.4577622087425794,1.4144668097084292,1.371171410674279,1.3278760116401145,1.2845806126059642,1.2412852135717998,1.1979898145376495,1.1546944155034993,1.1113990164693348,1.0681036174351846,1.02480821840102,0.9815128193668698
Poland,K. Financial and insurance activities,1.4984905918908566,1.4471786462226532,1.3958667005544498,1.3445547548862464,1.293242809218043,1.2419308635498396,1.1906189178816362,1.1393069722134328,1.0879950265452294,1.0366830808770118,0.9853711352088084,0.934059189540605,0.8827472438724016
Poland,L. Real estate activities,0.9274930850700116,0.8979540071927374,0.8684149293154562,0.8388758514381749,0.8093367735608936,0.7797976956836123,0.7502586178063311,0.7207195399290498,0.6911804620517685,0.6616413841744944,0.6321023062972131,0.6025632284199318,0.5730241505426505
Poland,"M. Professional, scientific and technical activities",1.090464693885913,1.0586358905634654,1.0268070872410107,0.9949782839185559,0.9631494805961012,0.9313206772736606,0.8994918739512059,0.8676630706287511,0.8358342673062964,0.8040054639838417,0.7721766606614011,0.7403478573389464,0.7085190540164916
Poland,N. Administrative and support service activities,0.5924954321156903,0.5811918590071414,0.5698882858985925,0.5585847127900401,0.5472811396814912,0.5359775665729423,0.5246739934643934,0.5133704203558445,0.5020668472472956,0.4907632741387431,0.4794597010301942,0.4681561279216453,0.4568525548130964
Poland,O. Public administration and defence; compulsory social security,1.1222750806439592,1.0832253577465991,1.044175634849239,1.005125911951879,0.9660761890545189,0.9270264661571588,0.8879767432597987,0.8489270203624386,0.8098772974650927,0.7708275745677327,0.7317778516703726,0.6927281287730125,0.6536784058756524
Poland,P. Education,0.946508284745093,0.9115557653272788,0.8766032459094646,0.8416507264916504,0.8066982070738362,0.771745687656022,0.7367931682382078,0.7018406488203937,0.6668881294025795,0.6319356099847653,0.5969830905669511,0.5620305711491511,0.5270780517313369
Poland,Q. Human health and social work activities,0.8311544594337477,0.8058085437148037,0.7804626279958669,0.7551167122769229,0.729770796557986,0.7044248808390421,0.6790789651201052,0.6537330494011613,0.6283871336822244,0.6030412179632805,0.5776953022443436,0.5523493865253997,0.5270034708064628
Poland,"R. Arts, entertainment and recreation",0.7929699232962335,0.7679037492509124,0.7428375752055842,0.7177714011602561,0.692705227114935,0.6676390530696068,0.6425728790242857,0.6175067049789575,0.5924405309336365,0.5673743568883083,0.5423081828429872,0.517242008797659,0.49217583475233795
Poland,S. Other service activities,0.6484053756847672,0.6324121343587166,0.616418893032666,0.6004256517066153,0.5844324103805647,0.5684391690545141,0.5524459277284706,0.5364526864024199,0.5204594450763693,0.5044662037503187,0.4884729624242681,0.47247972109821745,0.45648647977216683
Poland,Total,0.8842422943621457,0.8569766542447184,0.829711014127291,0.8024453740098707,0.7751797338924433,0.7479140937750159,0.7206484536575957,0.6933828135401683,0.6661171734227409,0.6388515333053206,0.6115858931878932,0.5843202530704659,0.5570546129530385
Singapore,Total,1.6500774693544997,1.5792566761672902,1.508435882980109,1.4376150897928994,1.3667942966056899,1.2959735034185087,1.2251527102312991,1.1543319170440896,1.0835111238569084,1.0126903306696988,0.9418695374824892,0.8710487442953081,0.8002279511080985
Slovakia,A. Agriculture; forestry and fishing,0.5998649034254706,0.5978258927529865,0.5957868820805032,0.5937478714080191,0.5917088607355359,0.5896698500630526,0.5876308393905685,0.5855918287180852,0.5835528180456011,0.5815138073731179,0.5794747967006337,0.5774357860281505,0.5753967753556664
Slovakia,B. Mining and quarrying,0.8043192903930887,0.7933509968819799,0.782382703370871,0.7714144098597657,0.7604461163486569,0.749477822837548,0.7385095293264392,0.7275412358153339,0.7165729423042251,0.7056046487931162,0.6946363552820074,0.6836680617708986,0.6726997682597933
Slovakia,C. Manufacturing,0.7441266894402623,0.7430386059788678,0.741950522517473,0.7408624390560785,0.7397743555946836,0.7386862721332892,0.7375981886718943,0.7365101052104999,0.735422021749105,0.7343339382877105,0.7332458548263157,0.7321577713649212,0.7310696879035263
Slovakia,"D. Electricity; gas, steam and air conditioning supply",1.1838989288610549,1.1687170286230035,1.1535351283849486,1.1383532281468973,1.1231713279088424,1.1079894276707876,1.0928075274327362,1.0776256271946814,1.0624437269566265,1.0472618267185752,1.0320799264805203,1.0168980262424654,1.001716126004414
Slovakia,"E. Water supply; sewerage, waste management and remediation activities",0.7057660619233772,0.6932560623507626,0.6807460627781445,0.6682360632055264,0.6557260636329119,0.6432160640602937,0.6307060644876756,0.6181960649150611,0.605686065342443,0.5931760657698248,0.5806660661972103,0.5681560666245922,0.5556460670519741
Slovakia,F. Construction,0.6976788591144043,0.6889721729288105,0.6802654867432167,0.6715588005576194,0.6628521143720256,0.6541454281864318,0.6454387420008381,0.6367320558152443,0.6280253696296505,0.6193186834440567,0.6106119972584629,0.6019053110728692,0.5931986248872754
Slovakia,G. Wholesale and retail trade; repair of motor vehicles and motorcycles,0.7295777034492055,0.7209769360943099,0.7123761687394108,0.7037754013845117,0.6951746340296125,0.686573866674717,0.6779730993198179,0.6693723319649187,0.6607715646100196,0.6521707972551205,0.6435700299002249,0.6349692625453258,0.6263684951904267
Slovakia,H. Transportation and storage,0.6913789655593856,0.6842906274338905,0.6772022893083971,0.6701139511829037,0.6630256130574086,0.6559372749319152,0.6488489368064201,0.6417605986809267,0.6346722605554316,0.6275839224299382,0.6204955843044431,0.6134072461789497,0.6063189080534546
Slovakia,I. Accommodation and food service activities,0.4514403106486693,0.44867690487139544,0.4459134990941216,0.44315009331684774,0.4403866875395748,0.4376232817623009,0.43485987598502707,0.4320964702077532,0.42933306443047936,0.4265696586532055,0.42380625287593165,0.4210428470986578,0.41827944132138484
Slovakia,J. Information and communication,1.4417831671866068,1.4166302125451224,1.391477257903638,1.3663243032621537,1.3411713486206693,1.316018393979185,1.2908654393377077,1.2657124846962233,1.240559530054739,1.2154065754132546,1.1902536207717702,1.1651006661302858,1.1399477114888015
Slovakia,K. Financial and insurance activities,1.3436538041385973,1.3187932477163642,1.293932691294124,1.269072134871891,1.2442115784496508,1.2193510220274177,1.1944904656051776,1.1696299091829445,1.1447693527607115,1.1199087963384713,1.0950482399162382,1.070187683493998,1.045327127071765
Slovakia,L. Real estate activities,0.7741433760798166,0.7609662786257942,0.7477891811717718,0.7346120837177459,0.7214349862637235,0.7082578888096975,0.6950807913556751,0.6819036939016492,0.6687265964476268,0.6555494989936008,0.6423724015395784,0.6291953040855525,0.6160182066315301
Slovakia,"M. Professional, scientific and technical activities",1.002920898198731,0.9884420081794936,0.9739631181602597,0.9594842281410223,0.9450053381217884,0.9305264481025546,0.9160475580833172,0.9015686680640833,0.8870897780448459,0.872610888025612,0.8581319980063782,0.8436531079871408,0.8291742179679069
Slovakia,N. Administrative and support service activities,0.571581567549325,0.5670973460503248,0.5626131245513246,0.5581289030523262,0.553644681553326,0.5491604600543258,0.5446762385553257,0.5401920170563272,0.5357077955573271,0.5312235740583269,0.5267393525593267,0.5222551310603283,0.5177709095613281
Slovakia,O. Public administration and defence; compulsory social security,0.7923029544903493,0.7846676215882216,0.7770322886860939,0.7693969557839662,0.7617616228818385,0.7541262899797108,0.7464909570775831,0.7388556241754554,0.7312202912733277,0.7235849583712,0.7159496254690723,0.7083142925669446,0.7006789596648186
Slovakia,P. Education,0.6204327031253096,0.6189810787291234,0.6175294543329368,0.6160778299367502,0.6146262055405636,0.613174581144377,0.6117229567481908,0.6102713323520041,0.6088197079558175,0.6073680835596309,0.6059164591634443,0.6044648347672581,0.6030132103710715
Slovakia,Q. Human health and social work activities,0.6905497173627071,0.6900193627112088,0.6894890080597105,0.6889586534082124,0.6884282987567141,0.6878979441052158,0.6873675894537177,0.6868372348022194,0.686306880150721,0.685776525499223,0.6852461708477247,0.6847158161962263,0.6841854615447283
Slovakia,"R. Arts, entertainment and recreation",0.5848014134956214,0.5816141986011472,0.5784269837066729,0.5752397688121977,0.5720525539177235,0.5688653390232492,0.5656781241287749,0.5624909092342998,0.5593036943398255,0.5561164794453513,0.552929264550877,0.5497420496564018,0.5465548347619276
Slovakia,S. Other service activities,0.5736266742753422,0.5650006055250358,0.5563745367747259,0.547748468024416,0.5391223992741097,0.5304963305237997,0.5218702617734934,0.5132441930231835,0.5046181242728771,0.4959920555225672,0.4873659867722573,0.4787399180219509,0.470113849271641
Slovakia,Total,0.7540034088271437,0.7476897848901913,0.7413761609532408,0.7350625370162902,0.7287489130793396,0.7224352891423891,0.7161216652054385,0.709808041268488,0.7034944173315374,0.6971807933945868,0.6908671694576363,0.6845535455206857,0.6782399215837351
Ukraine,F. Construction,0.2174920680650878,0.22126023953599727,0.22502841100690762,0.2287965824778171,0.23256475394872744,0.2363329254196369,0.24010109689054726,0.24386926836145673,0.24763743983236708,0.25140561130327654,0.2551737827741869,0.25894195424509636,0.2627101257160058
Ukraine,Total,0.2715609060371338,0.2723950449646684,0.27322918389220296,0.27406332281973755,0.27489746174727236,0.27573160067480695,0.27656573960234154,0.27739987852987635,0.27823401745741094,0.27906815638494553,0.27990229531248034,0.28073643424001493,0.2815705731675495
United States,A. Agriculture; forestry and fishing,1.1976753478798159,1.1798160927527377,1.1619568376256666,1.1440975824985884,1.1262383273715173,1.108379072244439,1.090519817117368,1.072660561990297,1.0548013068632187,1.0369420517361476,1.0190827966090694,1.0012235414819983,0.9833642863549201
United States,B. Mining and quarrying,2.5027110395696752,2.434228194857326,2.3657453501449766,2.2972625054326556,2.2287796607203063,2.160296816007957,2.091813971295636,2.0233311265832867,1.9548482818709374,1.886365437158588,1.8178825924462672,1.7493997477339178,1.6809169030215685
United States,C. Manufacturing,1.9845980562174645,1.9332370857708696,1.881876115324289,1.830515144877694,1.7791541744311132,1.7277932039845183,1.6764322335379376,1.6250712630913426,1.573710292644762,1.522349322198167,1.4709883517515863,1.4196273813049913,1.3682664108584106
United States,"D. Electricity; gas, steam and air conditioning supply",2.4611467324100005,2.4043209726933554,2.347495212976696,2.290669453260051,2.233843693543392,2.1770179338267326,2.1201921741100875,2.0633664143934283,2.006540654676783,1.949714894960124,1.8928891352434647,1.8360633755268196,1.7792376158101604
United States,"E. Water supply; sewerage, waste management and remediation activities",1.8266307948163671,1.77637383406028,1.7261168733041927,1.6758599125481197,1.6256029517920325,1.5753459910359453,1.525089030279858,1.474832069523785,1.4245751087676979,1.3743181480116107,1.3240611872555235,1.2738042264994505,1.2235472657433633
United States,F. Construction,1.8356116064961725,1.79342268226101,1.7512337580258475,1.709044833790685,1.6668559095555224,1.62466698532036,1.5824780610851832,1.5402891368500207,1.4981002126148582,1.4559112883796956,1.4137223641445331,1.3715334399093706,1.3293445156741939
United States,G. Wholesale and retail trade; repair of motor vehicles and motorcycles,1.3325013063638593,1.303629275414366,1.2747572444648725,1.245885213515379,1.2170131825658856,1.1881411516163922,1.1592691206668988,1.1303970897174054,1.101525058767912,1.0726530278184114,1.043780996868918,1.0149089659194246,0.9860369349699312
United States,H. Transportation and storage,1.895332114107248,1.83547818805566,1.7756242620040865,1.715770335952513,1.6559164099009394,1.5960624838493658,1.536208557797778,1.4763546317462044,1.4165007056946308,1.3566467796430572,1.2967928535914695,1.2369389275398959,1.1770850014883223
United States,I. Accommodation and food service activities,0.8482795533917304,0.8342424924370206,0.8202054314823108,0.806168370527601,0.7921313095728912,0.7780942486181814,0.7640571876634716,0.7500201267087618,0.735983065754052,0.7219460047993422,0.7079089438446324,0.6938718828899226,0.6798348219352093
United States,J. Information and communication,2.5636382175320875,2.5149529332309157,2.466267648929758,2.4175823646285863,2.3688970803274145,2.3202117960262427,2.271526511725071,2.222841227423899,2.1741559431227415,2.1254706588215697,2.076785374520398,2.028100090219226,1.9794148059180543
United States,K. Financial and insurance activities,2.3080269559810773,2.2550743798292103,2.2021218036773575,2.1491692275255048,2.0962166513736378,2.043264075221785,1.9903114990699322,1.9373589229180652,1.8844063467662124,1.8314537706143597,1.7785011944624927,1.7255486183106399,1.6725960421587729
United States,L. Real estate activities,1.886418401098311,1.8463458237088588,1.8062732463194067,1.7662006689299545,1.7261280915405024,1.686055514151036,1.645982936761584,1.6059103593721318,1.5658377819826796,1.5257652045932275,1.4856926272037612,1.445620049814309,1.405547472424857
United States,"M. Professional, scientific and technical activities",2.374482344366129,2.315683094813309,2.2568838452604894,2.1980845957076554,2.1392853461548356,2.0804860966020158,2.021686847049182,1.962887597496362,1.9040883479435422,1.8452890983907082,1.7864898488378884,1.7276905992850686,1.6688913497322346
United States,N. Administrative and support service activities,1.3126328209994895,1.2845362666050235,1.2564397122105575,1.2283431578160915,1.2002466034216255,1.1721500490271595,1.1440534946326935,1.1159569402382274,1.0878603858437614,1.0597638314492954,1.0316672770548294,1.0035707226603634,0.9754741682658974
United States,O. Public administration and defence; compulsory social security,2.103206951906884,2.0464463062182148,1.9896856605295454,1.932925014840876,1.8761643691522067,1.8194037234635232,1.7626430777748539,1.7058824320861845,1.6491217863975152,1.5923611407088458,1.5356004950201765,1.478839849331493,1.4220792036428236
United States,P. Education,1.7800690884704125,1.7306380293907893,1.6812069703111803,1.631775911231557,1.5823448521519339,1.532913793072325,1.4834827339927017,1.4340516749130785,1.3846206158334553,1.3351895567538463,1.2857584976742231,1.2363274385946,1.186896379514991
United States,Q. Human health and social work activities,1.666693303934494,1.627052464217968,1.5874116245014278,1.5477707847849018,1.5081299450683616,1.4684891053518356,1.4288482656352954,1.3892074259187552,1.3495665862022292,1.309925746485689,1.270284906769163,1.2306440670526229,1.1910032273360969
United States,"R. Arts, entertainment and recreation",1.2498269571848297,1.219538584482649,1.1892502117804682,1.1589618390782945,1.1286734663761138,1.098385093673933,1.0680967209717522,1.0378083482695715,1.0075199755673978,0.977231602865217,0.9469432301630363,0.9166548574608555,0.8863664847586747
United States,S. Other service activities,1.355291190521129,1.330001930566823,1.3047126706125098,1.2794234106581968,1.2541341507038908,1.2288448907495777,1.2035556307952717,1.1782663708409586,1.1529771108866456,1.1276878509323396,1.1023985909780265,1.0771093310237205,1.0518200710694074
United States,T. Activities of households as employers; undifferentiated goods- and services-producing activities of households for own use,0.7080167290951636,0.6960929734083479,0.6841692177215322,0.6722454620347165,0.6603217063478972,0.6483979506610815,0.6364741949742658,0.6245504392874501,0.6126266836006344,0.6007029279138187,0.588779172227003,0.5768554165401873,0.5649316608533717
United States,U. Activities of extraterritorial organizations and bodies,2.804683204692651,2.7110456849696334,2.6174081652466157,2.523770645523598,2.4301331258005803,2.3364956060775626,2.242858086354545,2.1492205666314987,2.055583046908481,1.9619455271854633,1.8683080074624456,1.774670487739428,1.6810329680164102
United States,Total,1.7185454216359375,1.6780337292656498,1.6375220368953478,1.59701034452506,1.5564986521547581,1.5159869597844704,1.4754752674141827,1.4349635750438807,1.394451882673593,1.3539401903033053,1.3134284979330033,1.2729168055627156,1.2324051131924278
United States,"Public Administration, Community, Social and other Services and Activities",1.694563624639855,1.6516097552467244,1.6086558858535938,1.5657020164604631,1.5227481470673325,1.479794277674202,1.4368404082810713,1.3938865388879407,1.35093266949481,1.3079788001016794,1.2650249307085488,1.2220710613154182,1.1791171919222876
