Country,Field,2010,2011,2012,2013,2014,2015,2016,2017,2018,2019
Austria,B. Mining and quarrying,1.95525038497764,1.7783841737154782,1.9679148090923628,2.0145172864116603,1.8405002574204832,1.7929607748793854,1.5661150524778233,1.7560862074334898,1.8640774265868716,1.8591453612652713
Austria,C. Manufacturing,1.7410925001852513,1.5162219632832192,1.6702325692073843,1.735520298927375,1.6026441254003525,1.531440639121392,1.3726658391505073,1.415580378610516,1.4590021081855207,1.4652285404753185
Austria,"D. Electricity; gas, steam and air conditioning supply",2.522560773810417,2.282622480824472,2.552550270876394,2.5951843631987113,2.2407708693477177,2.2741783714715993,2.046909093122107,2.0920978890608875,2.138482060506609,2.1242816829508167
Austria,"E. Water supply; sewerage, waste management and remediation activities",1.533877674918519,1.2389924614834247,1.365044191447428,1.4133468992704787,1.4528058832657755,1.2483173684854791,1.1167530501278768,1.1531467880256718,1.1923565972309529,1.2128495336433918
Austria,F. Construction,1.5401964785774207,1.1651677850775004,1.2684997284347783,1.2892258882939343,1.4664271831297795,1.1467391383145367,1.02728479146846,1.0640345795027566,1.096802513834129,1.1231423179725541
Austria,G. Wholesale and retail trade; repair of motor vehicles and motorcycles,1.3778375347897556,1.067230391188521,1.1740968943041439,1.203962022960782,1.2584361651426834,1.0653887331884422,0.952726088793673,0.9835053960586717,1.0143186108331796,1.020278898764791
Austria,H. Transportation and storage,1.6400107028906619,1.288213723177849,1.431017215272945,1.4462675929861286,1.460141036058783,1.309444091066223,1.1304538215980022,1.1519201246606958,1.1813299291668142,1.183744905786393
Austria,I. Accommodation and food service activities,0.9823642952329962,0.48916740767360267,0.5342174266805212,0.5536828349991426,0.910556684857977,0.4908696204206997,0.44210565434570515,0.4643662624015417,0.48429167630333136,0.49040158257090666
Austria,J. Information and communication,2.267964451725841,1.8150493592702899,1.9840041613560813,2.0436591298242304,2.0023902344665814,1.7630850685055492,1.5661150524778233,1.6056589230417802,1.6464312612381076,1.6474351926001423
Austria,K. Financial and insurance activities,2.288183670371935,2.0782146125665757,2.2709615579703035,2.3372311022946963,2.088834615769119,2.046208339141462,1.9276180815762174,1.941261716880852,1.9277789962781935,1.9022039700258095
Austria,L. Real estate activities,1.6956028322155101,1.154621402733797,1.2593779757891568,1.2876087028954117,1.6136468545898635,1.1403058365953787,1.0381638520990033,1.0758887068881902,1.126203504285484,1.1151681058125174
Austria,"M. Professional, scientific and technical activities",2.070861618438135,1.4122627041422242,1.55491441207695,1.5747038072119965,1.8509784837489887,1.4068839642394584,1.2557923966336277,1.289675506090321,1.3311909578804653,1.3456189195808683
Austria,N. Administrative and support service activities,1.2470630786726795,0.7307383748504681,0.8050812963158556,0.8235089997586411,1.1389835962716128,0.7266524068025639,0.6472422119247091,0.6683433731598662,0.6933626968421034,0.7136759615458347
Austria,P. Education,1.8472255281573944,1.04764579886501,1.139772386179522,1.149457186438722,1.5905963341193645,1.015749161713445,0.9015420746222621,0.9205547690365756,0.9420418963318656,0.9489098780077673
Austria,Q. Human health and social work activities,1.5079782044161574,0.953226271135836,1.044296650250295,1.069589356807172,1.4177036278837551,0.9610557408518591,0.8636583310276164,0.8952109631124071,0.9261156394791148,0.9397389997978098
Austria,"R. Arts, entertainment and recreation",1.6804443748708897,0.9281141188566105,0.9901255462092959,0.9945771466510852,1.4297553627952768,0.8861386374449225,0.7790252104262186,0.8003779440289391,0.8309730247243831,0.8308922503404437
Austria,S. Other service activities,1.4624885364464164,0.9522232282718095,1.0496611592432576,1.0739045600564956,1.3427864786317336,0.9348585740315403,0.8475399905284816,0.8747738106481432,0.8963100958250303,0.9014634937308538
Austria,Total,1.6103180440681752,1.2143854387040687,1.3285697050104515,1.3561440448976174,1.4700947595262832,1.1945394400127751,1.0663773195776107,1.0991880738707316,1.1302870712292745,1.1351018554595587
Canada,Total,1.633001974180936,1.4044590737737699,1.4125104487769762,1.3444083266575553,1.3301445224369617,1.2006328218017368,1.1810615771767543,1.2882017451636052,1.2059838640555256,1.2361990068096054
Colombia,F. Construction,0.234844044386313,0.25945518890015595,0.26475436193350566,0.29636986158188905,0.29380466819147827,0.24712857583507764,0.24392280767981386,0.26582694640079974,0.2651482504795676,0.2896155149274507
Colombia,Total,0.3021065653807878,0.32633823790926325,0.32334390848485,0.3596040222847985,0.3507674176313175,0.2892272413574619,0.286670299403243,0.30152511206594484,0.3064896367364162,0.3202779420690363
Germany,B. Mining and quarrying,2.4893346230209237,2.285221294847089,2.338580954265584,2.3688034768164843,1.9467797017358195,2.0424857479850598,1.8935484262459403,1.940848762661185,1.9343121233869314,1.9137417311683027
Germany,C. Manufacturing,2.2406857136732787,2.147675935832272,2.2556996939299445,2.1911704462589903,1.7700312617839893,1.9879595046196183,1.8905818319560719,1.9498428279507127,1.9913420843228677,1.965820530663841
Germany,"D. Electricity; gas, steam and air conditioning supply",2.939748189391158,2.801151317355954,2.9086636742528915,2.7740609884483867,2.3149267415976356,2.519141930410851,2.340137616710915,2.394897389204093,2.405867914127359,2.4361949185074137
Germany,"E. Water supply; sewerage, waste management and remediation activities",1.9955896971467002,1.7593503858889414,1.8446539734623053,1.764104744983135,1.5028844165480664,1.5921835069785728,1.510092190132963,1.5604741194975025,1.583623811940682,1.564472243959516
Germany,F. Construction,1.7995107404003567,1.6278806744405323,1.7124929061661216,1.6151875660482604,1.3993601673782676,1.468137736714501,1.4113677600297456,1.483372381050093,1.5274479489979096,1.5161115126023685
Germany,G. Wholesale and retail trade; repair of motor vehicles and motorcycles,1.7803315497418393,1.8852920914196456,2.003695331712467,1.8837654726622766,1.338760050602732,1.6667035253259943,1.6016125809413002,1.6495692089191003,1.6853407564851877,1.6814455475269139
Germany,H. Transportation and storage,1.766119978457573,1.6753866032566422,1.743296054564332,1.656140991587869,1.272602452286246,1.4581408492235106,1.3766260699976878,1.3947019692475615,1.400194555594507,1.3850856098942392
Germany,I. Accommodation and food service activities,1.162256810381092,1.1296299529821865,1.1788099445307958,1.1205789461670885,0.8458775803135908,1.0369200904265774,0.9957115353149976,1.0284630239756831,1.064829554979196,1.0564851846901333
Germany,J. Information and communication,2.7933990145143444,2.758062237489166,2.8218639152035134,2.714494917762782,2.0452558418178057,2.4777906100517657,2.284204873790198,2.339640005787446,2.3509641887018304,2.398168718152607
Germany,K. Financial and insurance activities,2.8068978637093163,2.891742357621108,3.0133865330919174,2.9107445979079993,2.1305985354401584,2.6241072013629507,2.4990245790126617,2.6467653431909706,2.679521631894836,2.6734497570741844
Germany,L. Real estate activities,2.1646709555030985,2.169772085832114,2.2534593064562385,2.2512651032525275,1.5442956367307714,1.9847773736976606,1.8960901276762276,1.9464150728825285,2.0402851427412534,1.956726586448491
Germany,"M. Professional, scientific and technical activities",2.5461701905325853,2.6442718270912766,2.5805035728513857,2.4661274285437402,1.9245611794329087,2.2428739925299785,2.152855562225629,2.256968165354237,2.3403258035717904,2.3473305054440594
Germany,N. Administrative and support service activities,1.295107136062934,1.2566788470635295,1.2824126096329687,1.2540710155704706,1.0685835796567287,1.1291609330974377,1.0829944811183227,1.1389777908089769,1.197189517396578,1.2309131638300284
Germany,O. Public administration and defence; compulsory social security,2.200901888177655,1.840548181353516,1.9191359601367943,1.8609001104024583,1.6801384276660707,1.6912432016250571,1.6160206595310602,1.6769836659356623,1.7015145615202893,1.7087273801729637
Germany,P. Education,2.4190055651269904,2.2288776997145914,2.2803395974102165,2.2108482729043053,1.7553849031127977,1.9720570408230127,1.880415026234923,1.869313334435119,1.914732737746177,1.9240725699480627
Germany,Q. Human health and social work activities,1.9359139589032652,1.9156742976694277,1.9880169781270185,1.9268452567587968,1.4624843386977096,1.7066910752899547,1.6465287324217062,1.7043981229522243,1.7359848033118994,1.7384866941704142
Germany,"R. Arts, entertainment and recreation",1.893997325952462,1.6185251296085235,2.0148972690809965,1.961948192935604,1.272096881120072,1.7839386344276258,1.6401706509823883,1.7528037879969587,1.7896091836421826,1.8662080576691493
Germany,S. Other service activities,1.8698451571069914,1.7941494410880447,1.9275352337979448,1.811969836943137,1.419560206303446,1.6308072865474084,1.5622085530446495,1.6529969639872846,1.6751276184572292,1.674419247956548
Germany,Total,2.047452286471409,2.022285840368015,2.099456640656669,2.0177901328153185,1.5377270128574732,1.8080196251883884,1.7278784896452948,1.7772189593288594,1.8206774486171404,1.8186743841699957
Ecuador,F. Construction,0.26440680914729087,0.291986199746161,0.29704475602085223,0.3014143305736166,0.3315084451487966,0.27011189817278913,0.2549722906369897,0.2606131514953807,0.25014819810994743,0.26022691162184236
Ecuador,Total,0.3099866913702669,0.3469727033839222,0.3482855087727217,0.3514766561503174,0.3891234207159127,0.3159533595368823,0.3018563642301893,0.3084317955234578,0.3100752122538691,0.3238345632930173
Egypt,A. Agriculture; forestry and fishing,0.14399045037427569,0.19821786433220262,0.20183168404782634,0.2573516300091872,0.22061111608132658,0.16123266765145147,0.26299462451290245,0.23820890872210287,0.12798037649161056,0.14302338251964333
Egypt,B. Mining and quarrying,0.20192522903223956,0.40855518623776255,0.3772629559223266,0.5205601519376215,0.4196390715983306,0.2814797887881434,0.4642657830618926,0.44444431000072243,0.18530629897134385,0.20504179850261964
Egypt,C. Manufacturing,0.15137457603449495,0.24247006772690943,0.25815907758452217,0.30765258685253344,0.26174018911885866,0.1894051301303344,0.22207088698127367,0.18872474065087821,0.12635122061296808,0.13527339257127857
Egypt,"D. Electricity; gas, steam and air conditioning supply",0.16464113340589925,0.3521835252696984,0.49167658606783093,0.5907524398274678,0.45002275494287924,0.2754568231712791,0.40925290909405676,0.3568910068620158,0.17563318594190397,0.17591922290906276
Egypt,"E. Water supply; sewerage, waste management and remediation activities",0.10992017109746088,0.31581616185409717,0.4406257217474727,0.45212593623622865,0.3341475842808077,0.19357550334201143,0.35558370690321317,0.28489639370741054,0.12503771368581254,0.136438665522942
Egypt,F. Construction,0.18965342434045027,0.33217922771723546,0.3373603141045001,0.4135287171045857,0.3210634921252339,0.20296904456831333,0.3106289540406078,0.32603617265289925,0.16784378439714445,0.1688720960109077
Egypt,G. Wholesale and retail trade; repair of motor vehicles and motorcycles,0.1317856001897682,0.22973924285756672,0.2399665997477215,0.2959588952676213,0.23644719491845176,0.15645020443806057,0.24152694363656504,0.22486473514072763,0.10854251041455713,0.12325073513348121
Egypt,H. Transportation and storage,0.1761955683768123,0.4279571071897693,0.5397871622221827,0.5480463548382397,0.38348885785745684,0.19847222335572223,0.4075752610950376,0.3457727647163704,0.15206133682279516,0.16567221949284777
Egypt,I. Accommodation and food service activities,0.14903116827963261,0.2394312126380409,0.19714143585552615,0.24097644333959375,0.2196289582903842,0.17288686128408323,0.18181510189369876,0.16954748520459045,0.11992623711657167,0.13156486516161953
Egypt,J. Information and communication,0.17875896951274334,0.25337578140382516,0.3250395295538935,0.37667952403460486,0.32227417177842527,0.23493646505782212,0.213348670764151,0.4830841967183914,0.14700077137476186,0.15946667861533853
Egypt,K. Financial and insurance activities,0.18522486193024104,0.9456233743698647,1.188107378257857,1.337661874496752,0.8181568885241184,0.2866050224024941,0.9235063890156121,0.863318946073061,0.1635265213187418,0.1765018593848945
Egypt,L. Real estate activities,0.1689453517311566,0.226098011168242,0.16311048732389363,0.22167783377377226,0.22447167690314954,0.19669308175074063,0.23883960008258065,0.22069824809436153,0.11191282663849883,0.17358867700573588
Egypt,"M. Professional, scientific and technical activities",0.14852422701021342,0.2933843765087511,0.34674969353491925,0.3181809277296708,0.275524433363025,0.20398919457116974,0.2660159442889138,0.22680529075136388,0.1274101719340857,0.14887749187204774
Egypt,N. Administrative and support service activities,0.13982970599319358,0.24428618822380718,0.3180041572654432,0.38720786491174225,0.2955711490662694,0.1815622169083742,0.26802756850995985,0.2395901277155557,0.11346052472320922,0.13078801652717723
Egypt,P. Education,0.10859064588143695,0.09698263267344626,0.12438929059996091,0.138616457464448,0.18488877306125942,0.19772955415364277,0.15095725235618476,0.13619275876765427,0.12148411742552358,0.12701475173131468
Egypt,Q. Human health and social work activities,0.10756719841298686,0.2751961994531859,0.24583829303391547,0.783768673866056,0.4831000789615967,0.17417633088769371,0.20597012632402056,0.20624681631162328,0.11283940904447674,0.11986589465483981
Egypt,"R. Arts, entertainment and recreation",0.12072854155866265,0.17336758188950258,0.1947874287135573,0.21817173552365685,0.20757078343128982,0.17117300927928444,0.17611420545258744,0.16677363218468097,0.1164439164259733,0.13113944805228211
Egypt,S. Other service activities,0.10505162192511425,0.16426899801395536,0.13846891822268018,0.2737368628055718,0.22381042215281213,0.15329182002921712,0.18751599833481009,0.1784512109475098,0.10717809236619405,0.11678624471115785
Egypt,Total,0.13670197401017323,0.3236920111376736,0.3760903938742516,0.44510369360920665,0.3310163485512686,0.19402436934326825,0.31599587425969217,0.29184814880668986,0.1291716967278679,0.14313436089599224
Estonia,B. Mining and quarrying,1.2844182492511271,0.787461817589716,0.820621791632386,0.9454202302740847,0.8401274974268278,0.858039104426046,0.7678819365492097,0.8597160776681058,0.9171887635587147,0.8716788087249596
Estonia,C. Manufacturing,0.9324896895929788,0.5804248248162573,0.6246841576279942,0.6953624878896479,0.659302674485149,0.6555900155699267,0.6245711597286482,0.666963472928411,0.7133056338080785,0.7125642693475159
Estonia,"D. Electricity; gas, steam and air conditioning supply",1.2592804949898309,0.8644659472656097,0.937746554012,1.0505523620946478,0.8401274974268278,0.9710040143183836,0.901029045387832,0.9904894789723347,1.0605356262738086,1.0621912786888041
Estonia,"E. Water supply; sewerage, waste management and remediation activities",0.9600202257792908,0.6051256412009408,0.6528778375166152,0.7306553117480945,0.6499805535786909,0.6898587266522597,0.6465754499382926,0.6902723645241268,0.7641361740549697,0.7279946527969418
Estonia,F. Construction,1.0749369637403245,0.6152971795769705,0.6781846196441857,0.7531812025286216,0.7649377866534636,0.6651081486430367,0.6273949671820055,0.6641196975555803,0.7127349931697821,0.7216104861387227
Estonia,G. Wholesale and retail trade; repair of motor vehicles and motorcycles,0.8894015562111879,0.5796994046857965,0.6073290061755977,0.6563153489011136,0.6095909328926568,0.6213155844556988,0.5800018955189815,0.6282981943194091,0.6990299459754439,0.699791182370126
Estonia,H. Transportation and storage,1.0246614552177318,0.6073019015923233,0.6138400017107543,0.7043694517484281,0.6785643372512277,0.6733564346354795,0.6369826599974655,0.6817460716363827,0.7087356727640948,0.7162863858727471
Estonia,I. Accommodation and food service activities,0.6775274887753697,0.37702015154496216,0.4027194239260234,0.4445527516613834,0.480339469265884,0.438537685286133,0.4265376449672152,0.46169825654826085,0.4877236519893421,0.48160289834511155
Estonia,J. Information and communication,1.6327621507046293,1.0141112481349135,1.0469196857164402,1.1834630334244303,1.0215790961845954,1.0941277008560597,1.0719866301993852,1.1906358996813895,1.2404325054655465,1.24631958199443
Estonia,K. Financial and insurance activities,1.6578999049659253,1.009753508502289,1.0360755297992001,1.1654434516178185,1.1004920424027869,1.1283964119383927,1.0471585325363835,1.1349130020661513,1.230156138038599,1.235143725096833
Estonia,L. Real estate activities,0.7361822487183944,0.43804416295128046,0.47212877477357834,0.5181407206645364,0.645008443933149,0.5280218642499149,0.5365539988900704,0.565181480734811,0.5996562639724594,0.5545097963623156
Estonia,"M. Professional, scientific and technical activities",1.3418811329145215,0.7547709420702446,0.8292937398775686,0.8485487225575254,0.8867334245276551,0.8085379484076001,0.7453118654238203,0.8096807307985292,0.8732155828466053,0.8259105610813761
Estonia,N. Administrative and support service activities,0.8618710200248759,0.5586309078032765,0.5675652253187123,0.6352877917191908,0.6002688119861985,0.5768938167599221,0.5969243517376563,0.6362557321325869,0.6464874838136634,0.6444443079087382
Estonia,O. Public administration and defence; compulsory social security,1.1719033225808637,0.7177223269181491,0.749766178163798,0.8485487225575254,0.7779878204362123,0.8193259285613775,0.7695741821710771,0.8443647238855679,0.926328685646682,0.9477754132407972
Estonia,P. Education,0.8451125171840118,0.5179499731490175,0.5314142872739019,0.6029972891470043,0.5555291800392481,0.5921262616960351,0.5675852981247971,0.6140843506860036,0.6973180240605548,0.7093698091879305
Estonia,Q. Human health and social work activities,1.0198758913677006,0.6109342210944868,0.6376948937362761,0.7118837360976551,0.671730609883272,0.7038213245077053,0.6821228022482442,0.7084674936794952,0.7749880180578262,0.7955774505481701
Estonia,"R. Arts, entertainment and recreation",0.7924351973706487,0.48380825736862454,0.5270754994108028,0.5369122963149757,0.5138953625839626,0.5343710996532516,0.5083465071087008,0.5293599774986399,0.6344943585342142,0.6146436074021299
Estonia,S. Other service activities,0.921717656247531,0.3392461162624058,0.3600574903460564,0.40549995858379767,0.5424791462564994,0.36873041604079976,0.34811327406946446,0.38152895718817476,0.5351206765312297,0.5694125234460956
Estonia,Total,0.9803724161905558,0.609483380833565,0.6413133640293665,0.7126300758524318,0.662408488976814,0.675896128796814,0.6465754499382926,0.6942536500460897,0.7481437283698333,0.7487491365123432
United Kingdom,A. Agriculture; forestry and fishing,1.2698752404795879,0.9125555100621111,0.9118921257729362,0.9781158742361842,0.8754053530606537,0.859687747263656,0.7890094701985304,0.8894752884766383,0.8849062583056911,0.9224688241826732
United Kingdom,B. Mining and quarrying,2.9185877153845388,2.2085025456627014,2.093721759419004,2.343783893059144,2.041049291263245,1.9484971096946746,1.6499101379166052,1.8874676085845137,2.028327486674922,2.042195653055507
United Kingdom,C. Manufacturing,1.8712727738926194,1.3860527129317086,1.4234987193039148,1.4631361565805843,1.3090218058840961,1.285052144818136,1.2046326397494471,1.3138619898617785,1.3415054347558908,1.3673822608764186
United Kingdom,"D. Electricity; gas, steam and air conditioning supply",2.366122494740926,1.720655205900822,1.7332318269864482,1.9031722796646808,1.704747369240014,1.675545744611832,1.563639369759559,1.6961051314237088,1.794272416436337,1.7167876282005472
United Kingdom,"E. Water supply; sewerage, waste management and remediation activities",1.8507549137261523,1.38719900444582,1.4292677850621363,1.4960091960400366,1.3432461020719977,1.3234048060800896,1.2212584983249988,1.2930311163300132,1.3726842576809104,1.4067398578091657
United Kingdom,F. Construction,1.9857120711367544,1.433688289665,1.4575289046625373,1.4977393560115866,1.3227777382333807,1.2815637609733304,1.1956474879972474,1.3269424534546381,1.3707645653666063,1.417298387682783
United Kingdom,G. Wholesale and retail trade; repair of motor vehicles and motorcycles,1.2643537550825377,0.9165746946834641,0.9332340177709133,0.9729253943215339,0.8710534461838463,0.8557038173025792,0.8128234501758419,0.9044905314325855,0.9194391503866017,0.9551032546574331
United Kingdom,H. Transportation and storage,1.819970461840841,1.3194746689277268,1.375626427433003,1.4187274876306473,1.2908643062524106,1.2885372684911238,1.165540573959414,1.2717146658763832,1.2398264508274632,1.3198688764451398
United Kingdom,I. Accommodation and food service activities,0.8247495347471776,0.5934494454993909,0.6021626693978447,0.6142067899002926,0.5545560939111377,0.5493845936668553,0.5225631145720044,0.6002483586681335,0.5980920037885883,0.6311353711634403
United Kingdom,J. Information and communication,2.4592522294721157,1.7918255802832128,1.8399376356688921,1.8120492914828907,1.6304769219818473,1.609801119738612,1.5074755156403463,1.674788680970079,1.746308868014152,1.7220668931373562
United Kingdom,K. Financial and insurance activities,2.7015489017939207,2.0782193507619793,2.0095116558861816,2.1252082463334627,1.9126208610121125,1.8887251195912522,1.701581416159718,1.9451195166099058,1.9990719509936345,2.05035520071425
United Kingdom,L. Real estate activities,1.7323673202637748,1.2092802328118066,1.2371980596952254,1.2468661601368192,1.1320602612468404,1.1276575698092437,1.034340719207387,1.1200791564160217,1.176997869222417,1.1994008635922357
United Kingdom,"M. Professional, scientific and technical activities",2.3053504010738552,1.6982738640877975,1.695743853480335,1.6920927631355664,1.489146718357631,1.437465177289773,1.347067262025706,1.5066774336259918,1.5467866898564777,1.6015988802844516
United Kingdom,N. Administrative and support service activities,1.2856633175954826,0.9280519384685045,0.9286224164717782,0.9527389649732987,0.8708465278272084,0.8731359560111535,0.8150697381138918,0.9127265182933558,0.9889830601622853,0.9925394097221536
United Kingdom,O. Public administration and defence; compulsory social security,1.976242289521462,1.3837565477425042,1.4194640245806018,1.4337234370642322,1.2887421515867328,1.2711051297825495,1.1484687856302345,1.2489452488193449,1.2863520274786338,1.300188197898661
United Kingdom,P. Education,1.5232199913525675,1.115728516616391,1.1258806497136462,1.1476678624076448,1.0359557889962474,1.0260477947708797,0.9494177238131709,1.0401396440932709,1.0446217829122597,1.0885325397590409
United Kingdom,Q. Human health and social work activities,1.579257194211992,1.1346674017261003,1.1529879561624028,1.1592034918981293,1.030511353196392,1.0051305323893176,0.933690380412839,1.0173702270362326,1.0407823982836513,1.089010080105889
United Kingdom,"R. Arts, entertainment and recreation",1.293554802274893,0.8763971771138601,0.9043959915946902,0.9158301152603799,0.8173622710034547,0.8004178236201401,0.8361881725655433,0.9364670891941228,0.9626034680230263,0.9027881456361939
United Kingdom,S. Other service activities,1.3503785997237217,0.9745412236876843,0.989183001703335,0.9954174739516853,0.8978386136139036,0.8885793899110068,0.8164175108767218,0.9030375648291772,0.9026508299600088,0.9339861949101983
United Kingdom,T. Activities of households as employers; undifferentiated goods- and services-producing activities of households for own use,0.7134668313748065,0.4511122788955911,0.47642259502071205,0.5219291320573188,0.44461292196860475,0.41440369990379217,0.3976495382125351,0.458787379593815,0.433099122782397,0.4583522492892968
United Kingdom,Total,1.672386928943182,1.2150188547043268,1.2285481123653352,1.2583981005868525,1.123071727834492,1.099763539738071,1.024902982033595,1.1341270096904252,1.156373759096643,1.1912413159334927
Greece,B. Mining and quarrying,1.9299824908794379,0.7135562341031315,0.6778611767149221,0.7328626271428069,0.9763342536016745,0.6451197011785204,0.5897064916947493,0.5700681428427552,0.5879366558745303,0.559353473524817
Greece,C. Manufacturing,1.178790196430847,0.5394203997167968,0.5282134847117234,0.5035264024810504,0.8738061713259994,0.48269818701819556,0.42718613049471793,0.433678388648322,0.44395589560689624,0.42619766639025175
Greece,"D. Electricity; gas, steam and air conditioning supply",2.1611162147686316,0.7203889998606223,0.68066135741755,0.7416067034745696,1.7389668063870307,0.6776183862325154,0.6476259821224201,0.6604195053932462,0.6409826568186968,0.5894311360668777
Greece,"E. Water supply; sewerage, waste management and remediation activities",1.5778412323508242,0.5649685019851256,0.5521015555869152,0.509657207113464,1.134160816079657,0.5184174624829468,0.45232933259526603,0.44416677297326496,0.45874355537829875,0.44703199325571236
Greece,F. Construction,1.1781133172642901,0.4861578019966477,0.4510199136781062,0.41297480745509296,0.8392457051434221,0.41509660743930704,0.3951731507902527,0.3925445394153958,0.3977450023253714,0.39007233613124626
Greece,G. Wholesale and retail trade; repair of motor vehicles and motorcycles,1.0054373395777145,0.4815527786101457,0.4828691956159199,0.44955628463720726,0.8018019482807025,0.4212604168378836,0.3708944186960878,0.37397701966916685,0.37581787259082783,0.36404281721964254
Greece,H. Transportation and storage,1.4106059273590714,0.6687636585818024,0.6544568137582508,0.6375041697692057,1.0471808245994556,0.6402554282614771,0.5822251475437632,0.565824785281239,0.5377690526865142,0.5504091738165088
Greece,I. Accommodation and food service activities,0.9225042580571055,0.4384012938543643,0.4316227823767011,0.3738838971841997,0.6128705326608546,0.3693560051940368,0.32340834552630726,0.3269604367410331,0.34049010556858567,0.33216647564442414
Greece,J. Information and communication,1.49082636434098,0.6457117013797624,0.6655377190109638,0.6307676399084662,1.1082415503865886,0.5399034747448183,0.5296947999218428,0.5077084484755424,0.5069110634487478,0.5067900914565803
Greece,K. Financial and insurance activities,1.7695467447880946,0.6902972233932888,0.6885515654829579,0.7036190784409843,1.2643381384564856,0.6447087805519487,0.5714330671981184,0.6059306279330935,0.6066810255524239,0.5796879193686556
Greece,L. Real estate activities,1.1108099910441707,0.43141132080391215,0.2864837806965927,0.19013282256274552,0.9198867929027691,0.3536434277354986,0.4670391174379239,0.38226447360467886,0.5287860167889201,0.3806326186247233
Greece,"M. Professional, scientific and technical activities",1.2053064249934555,0.5572308357120522,0.5836180109752883,0.5299316958272886,0.9953422932133191,0.5014464406055327,0.4518235256766376,0.46186931801912073,0.4680918260364921,0.4498795297895949
Greece,N. Administrative and support service activities,0.9102640264618731,0.4305332605578597,0.4210788372904191,0.37343392987172896,0.5817700152944479,0.3929839412219136,0.3404080562369375,0.33427422805570617,0.3485513584989533,0.34940344444356913
Greece,O. Public administration and defence; compulsory social security,1.1515970887016818,0.6819268936241515,0.6378021732242373,0.6147115947490543,0.5635922766831751,0.6055737273788195,0.5457288792423641,0.5608115549497572,0.5667834759898277,0.5454639222811767
Greece,P. Education,1.305238403765089,0.6233115792948792,0.5761893223917716,0.5581411850321834,1.0016768611587143,0.5477931507749964,0.487046080192036,0.49025950857744005,0.5099894707166552,0.5004969464522318
Greece,Q. Human health and social work activities,1.3942890371470773,0.6044965503543587,0.5648199674628765,0.5539746607830556,0.9895800476284935,0.5388504906392281,0.4816477408968561,0.4865278899747833,0.49494527700626034,0.4777121909577637
Greece,"R. Arts, entertainment and recreation",1.2155006354715963,0.5256091638815095,0.5111150754451222,0.48000263057813436,0.8277255497492296,0.40823936948339057,0.3657030004130741,0.3703450316602704,0.3643173256648179,0.3741832608011178
Greece,S. Other service activities,0.9728086870262005,0.4878755792465669,0.4482818605980405,0.44231354154993824,0.7776126569957196,0.40850646789066225,0.36575358110493694,0.36527745736855577,0.3771527186801605,0.3805299644863545
Greece,Total,1.2229770735385628,0.560965467500939,0.5440027762171911,0.5190156618910999,0.8997254370190676,0.4934848534657046,0.4453583936076232,0.44913018800786664,0.45530426138265656,0.4427383723378518
Indonesia,Total,0.14122810579319933,0.12281009407332401,0.11674023443836916,0.11751098449364901,0.11416081310667557,0.09847907917926849,0.10642418205193137,0.13006405121766157,0.11927241517579328,0.13247964366550138
Ireland,B. Mining and quarrying,2.311252865703343,1.876841447189138,1.8631049149798933,1.8706260873615572,1.7562396924990358,1.637433148626483,1.5357322754502676,1.5604503498911506,1.6448729479569701,1.4959838327363566
Ireland,C. Manufacturing,2.0366881211619154,1.5464245066764983,1.6090997605279547,1.5522365477694149,1.5236155063846983,1.4521003941067498,1.383027067730345,1.450616355730858,1.4691621294107435,1.426876939434177
Ireland,F. Construction,1.833943363513774,1.3318788772582273,1.3521532550213382,1.3291326263552738,1.3116629192888036,1.2190226166799834,1.1864823396495896,1.231758712678048,1.2793254266101564,1.2532911323310847
Ireland,G. Wholesale and retail trade; repair of motor vehicles and motorcycles,1.3021471253097054,0.9939791289293557,1.039565601430985,1.0131248968694393,0.9629124347006203,0.9380294378539125,0.9052111103216842,0.9567838121903118,0.960633485660907,0.9513914670398319
Ireland,H. Transportation and storage,1.8111823492694545,1.3839283138034402,1.4352304752319636,1.411359582466376,1.3258894759546682,1.2867374187019502,1.2245808110321978,1.2908088096804453,1.331366983028852,1.2998856397763254
Ireland,I. Accommodation and food service activities,0.8337266978777892,0.6291104948463523,0.6194024627613439,0.5892353745379875,0.5707984311442933,0.5464641670958666,0.5321266154977069,0.5631221497842869,0.5746099704299219,0.5750946743251623
Ireland,J. Information and communication,2.452561570634555,1.8964076751679144,2.0376900471590713,2.0181496572885784,1.9344026462144828,1.9472167430944356,1.833911981972932,1.9365014126284539,2.0445758304417265,2.0326151665028642
Ireland,K. Financial and insurance activities,2.7069368150507436,2.0219963772181524,2.071611266792058,2.0281592060016327,2.0049952200830523,1.8691195016997029,1.801591382623219,1.8996120548318256,1.990263416134319,1.9527961911238836
Ireland,L. Real estate activities,1.5094165020912462,1.075581488546559,1.244145426774977,1.0810642958241188,1.0679816135182267,1.2205560231104227,1.2070831649627054,1.2432696841596247,1.204891042611902,1.1585901633926046
Ireland,"M. Professional, scientific and technical activities",2.067185922695303,1.4744337399612073,1.6174135070029847,1.5685359251127189,1.4414693197716821,1.397522483749264,1.4041701962122493,1.5069268754262999,1.517210548081311,1.5009883685342988
Ireland,N. Administrative and support service activities,1.2520426408649188,0.9509674109933796,0.989335830528566,0.9565825088256635,0.9034956392137736,0.8953176795727191,0.8499229675086488,0.9237732618678877,0.9436371349741859,0.9812774377125972
Ireland,O. Public administration and defence; compulsory social security,2.396473199528586,1.7507269608707499,1.8263522019822225,1.7657504626112799,1.6553391820635472,1.5815561022654303,1.4619623067429013,1.5614234423256754,1.5612211773036915,1.508898038967993
Ireland,P. Education,2.1715858367408867,1.658820511998461,1.655732578032183,1.5554970839343605,1.4283013238410518,1.37675405545181,1.2861422633409725,1.3622921121093348,1.3829365071897814,1.340185153828516
Ireland,Q. Human health and social work activities,1.8689746821532918,1.3872689675071734,1.3943598707577434,1.3081984645748692,1.2109966037062432,1.1574520890355406,1.0969219755892874,1.159492189509175,1.1706144840023707,1.1502053991179255
Ireland,"R. Arts, entertainment and recreation",1.273188673058674,0.8823878300177933,0.9280990278480384,0.9724425231396486,0.9228182758793511,0.89188171331192,0.8379153041355344,0.8808826022973592,0.868373505117694,0.8540389608536928
Ireland,S. Other service activities,1.2232354541503039,0.8983312761489509,0.9303741451698497,0.8993463896829632,0.808871550836755,0.7628164558646939,0.7284704905529851,0.7185253506345324,0.7378916693240276,0.7261038937009119
Ireland,Total,1.7992190249334548,1.3457448343298655,1.3851176496124415,1.331451670314536,1.2625069809582412,1.21429106396754,1.1581788008094216,1.2208037940162,1.239875649608082,1.225844832733647
Japan,B. Mining and quarrying,1.6537634228609208,1.044749108992544,1.0710333750998255,1.1142802900411792,0.9692564283200066,0.8892399753782596,0.8806381410582462,0.8679105103396213,0.9104727349841362,0.7293889285462478
Japan,F. Construction,1.6331042833189653,1.0813341960384426,1.0672586513779863,1.1325015676888561,1.0034678651754143,0.9442259736363394,0.9072092847386898,0.8927616257377906,0.9148461478987349,0.741632378048243
Japan,G. Wholesale and retail trade; repair of motor vehicles and motorcycles,1.5769577359480185,0.9974655971547258,1.0168295468620727,1.0478315511568648,0.9579568110538057,0.8783020128603818,0.8348170769006079,0.8319851658777715,0.845146200047232,0.7035319292408435
Japan,H. Transportation and storage,1.3851992586330837,0.8897789552288552,0.9001881202957096,0.9235042801348848,0.8405644953588601,0.7700618313717421,0.7510359718877712,0.7423036047133713,0.7675173662560115,0.6235413924944743
Japan,I. Accommodation and food service activities,1.254362691351618,0.8173001571985332,0.8068766214169721,0.8309753352029959,0.75989759846554,0.693485640134761,0.6547834197744778,0.6539733721843749,0.6704843422453604,0.5522087236102303
Japan,J. Information and communication,1.9244479039087294,1.306023152559152,1.3475380466283766,1.3439953027735845,1.140632848399739,1.1235716228343817,1.0069867609969798,1.017559552113698,1.031832679692969,0.8356737306516641
Japan,K. Financial and insurance activities,1.9281584583436788,1.3481309846379546,1.258343432795068,1.2982677757262668,1.156641193755681,1.0942074271866733,1.0026477121122181,0.9970290524870222,1.014610668588276,0.814510053655358
Japan,L. Real estate activities,1.6664806739631601,1.1099808535657238,1.066229430116629,1.1314276768516032,1.0075480977786009,0.926088957100642,0.8814522657980113,0.8687225194747968,0.8927044245436652,0.7175827450978952
Japan,"M. Professional, scientific and technical activities",2.015561079538849,1.2856592353380762,1.2641765990396217,1.330418254331171,1.1607214263588679,1.0590867759545324,1.0018335873724533,1.0340360658341616,1.0485053732335097,0.8624344131345966
Japan,P. Education,2.0457523451355004,1.3432968611802258,1.3259271374304642,1.377219672215742,1.2043503193937577,1.0956465410827816,1.0186440833576715,1.0245828251559994,1.0427647028652787,0.8644166859111101
Japan,Q. Human health and social work activities,1.441350455821618,0.9425852120995769,0.9413569707499971,0.9745942880513432,0.8587709122312703,0.8080607103960995,0.7580858201777645,0.7555381416627985,0.7707981804990541,0.6346771013272413
Japan,"R. Arts, entertainment and recreation",1.3232218400072164,0.8656193558854145,0.8600512283933678,0.906001254151085,0.8082352195901711,0.7369552426866967,0.692200710803166,0.7012426054600197,0.7172246268523137,0.5874232164635881
Japan,S. Other service activities,1.3306382990595276,0.877353467526397,0.8418701443031166,0.8902799106927276,0.8082352195901711,0.7406976357240337,0.6916579609766562,0.6904380361464534,0.6986383765223629,0.5852077351251319
Japan,Total,1.5690111976907144,1.024385191771468,1.021288593231091,1.0564052445620766,0.9403788896679498,0.8751345684740323,0.824242304465618,0.8219895758145479,0.8369456735538126,0.6856914742522217
Norway,A. Agriculture; forestry and fishing,2.1123363191684223,1.476544498907355,1.5505362409073715,1.5126293453159683,1.4664685505780493,1.330767558695394,1.2011213198443733,1.0905611960741297,1.083072356712303,1.0717488035518565
Norway,B. Mining and quarrying,3.3856018498405405,2.309063309593511,2.4307904334147623,2.430873222815253,2.28895321216698,2.0625362127044933,2.068142775125392,2.106734070458075,2.103081259514142,2.0590377291526454
Norway,C. Manufacturing,2.1651433085582608,1.5118868218122308,1.6070678352117886,1.5774014749448415,1.4874696793721804,1.3462050330648292,1.3469377559449671,1.3691511906478053,1.353841034037192,1.3361677536932035
Norway,"D. Electricity; gas, steam and air conditioning supply",2.5876098630972586,1.8064091139086724,1.8897164106407467,1.9012643615509721,1.8059625385031721,1.6426194804493102,1.6795143237845613,1.7432128413545338,1.7249899042835053,1.7253419079066954
Norway,"E. Water supply; sewerage, waste management and remediation activities",2.0125846609704388,1.4019312165061724,1.5061209086914684,1.4630966633824702,1.3649719168900507,1.2288752480266798,1.235997772814175,1.2628351820593822,1.2349459794327364,1.2083740051377871
Norway,F. Construction,2.0536599162500293,1.4176391601213234,1.5020829376697242,1.4630966633824702,1.3824706520142513,1.2566651918068843,1.2517286221115356,1.2667514058268627,1.2508565270264267,1.2301781728646655
Norway,G. Wholesale and retail trade; repair of motor vehicles and motorcycles,2.059525783305153,1.4215655957958968,1.5101588797132126,1.4745262491540012,1.3754724812871162,1.253577696932997,1.2182333903397584,1.2022981352719915,1.1866356001873664,1.170835471973155
Norway,H. Transportation and storage,2.159277441503137,1.492252442522506,1.5868779801030681,1.546920341092327,1.4664685505780493,1.336942548443168,1.3221783158469227,1.3284917198405213,1.3061093912561204,1.2895208737561759
Norway,I. Accommodation and food service activities,1.7016014987396717,1.1663120622789043,1.2315459262827166,1.1887664587098379,1.112976015661081,1.0003906676981555,0.9489261427087897,0.9125673311002412,0.9054520190923653,0.8973106039518854
Norway,J. Information and communication,2.7577696583238827,1.9438541707704597,2.047192582442202,2.0117570727277343,1.8934606251993253,1.7198093422117071,1.7149763750082663,1.7374904711294046,1.7278812340177423,1.6985682261807982
Norway,K. Financial and insurance activities,2.9690047088300973,2.120567986211696,2.188519219179963,2.160352880066464,2.068456798591632,1.895804019768931,1.8949032916790418,1.924221102485325,1.9115759519255566,1.9064036972795522
Norway,L. Real estate activities,2.5582734348747778,1.7946298068849522,1.9381720629016757,1.9203136711701905,1.8059625385031721,1.6457069753231972,1.6090559819736945,1.5980459996529681,1.5838205535653331,1.5497985622316737
Norway,"M. Professional, scientific and technical activities",2.7577696583238827,1.9045832112741528,2.039116640398714,2.0117570727277343,1.8864602489346152,1.7012843729683846,1.6657564711358999,1.656774408746217,1.6341541578484928,1.613833883380322
Norway,N. Administrative and support service activities,1.9480423909969218,1.3194650627558429,1.384984127062428,1.360223676053395,1.2914723771857428,1.1640353657598312,1.1415434924261754,1.137244476722233,1.1241508827412001,1.1159109264893745
Norway,O. Public administration and defence; compulsory social security,2.2590255532276893,1.566863524006831,1.6918628776451323,1.6536031903452457,1.5994668774572445,1.4511848386074302,1.4275538801262804,1.4266763325147864,1.4059108477132463,1.3993723936162092
Norway,P. Education,2.229685578531777,1.5354476367765284,1.6635970804929239,1.59645078456406,1.5224693551581567,1.3616449973494853,1.3275648314313484,1.3146379537012343,1.293958278093114,1.2784815574680328
Norway,Q. Human health and social work activities,2.024319941554117,1.4097840878553187,1.5141968507349566,1.4630966633824702,1.3929712164113168,1.2566651918068843,1.2350007732553148,1.233020063707469,1.221639745928387,1.2080971113959063
Norway,"R. Arts, entertainment and recreation",2.030189355082672,1.398004780831599,1.4980449666479803,1.4630966633824702,1.3859708401466064,1.2566651918068843,1.2042321561383147,1.1709758188416268,1.1574188190893266,1.137438200474372
Norway,S. Other service activities,2.024319941554117,1.386223272891021,1.485931053582748,1.4554769395347826,1.3614717287576956,1.247402707185223,1.231898585036853,1.236031968627879,1.2138291562476162,1.2028531325474794
Norway,Total,2.235554992060332,1.555084216983111,1.6555211384494355,1.6193121945688873,1.5329677140176468,1.3894324512144685,1.351209905231881,1.3345155296813407,1.3194156247604696,1.3052528103014571
Panama,F. Construction,0.513745480299698,0.40674739486740646,0.42174923302433664,0.4340472691353266,0.43352899086796753,0.4165777391877758,0.35506509234173284,0.38382798958872616,0.376324725180378,0.3718406105601753
Panama,Total,0.543817795504529,0.4187647859117448,0.4356492686018087,0.4451425863910505,0.42690735777435507,0.43067470885357706,0.38096494009711496,0.44906530007625,0.41742087940130695,0.4137667160879935
Philippines,A. Agriculture; forestry and fishing,0.1222378368633648,0.09718492098663918,0.0958324376129954,0.10414427875971848,0.09796198513411275,0.10431185937013723,0.09716129470169307,0.09433889046910945,0.10237098423749541,0.10842112179342424
Philippines,B. Mining and quarrying,0.14210466138376912,0.11743882449049331,0.18209279888708665,0.18564478877756058,0.1659348116025676,0.1773012478792077,0.16497969040067195,0.15567478359535414,0.1721507248965741,0.18217471932922713
Philippines,C. Manufacturing,0.2524611208542977,0.19576696976330699,0.19013334301176615,0.2109239339944802,0.18612777175481424,0.19257697597606643,0.1779374220450445,0.16905341800208534,0.18029293848577785,0.18525280965815666
Philippines,"D. Electricity; gas, steam and air conditioning supply",0.27056146767678546,0.22749155939038954,0.38790041690380833,0.3729356217612161,0.361180223534275,0.360561796624803,0.34353896787061383,0.2863666530730988,0.30082158144236826,0.30746150656549576
Philippines,"E. Water supply; sewerage, waste management and remediation activities",0.21613943558617724,0.1707076585740042,0.24923293767421684,0.2612348913610824,0.23857175169444594,0.24751177102470662,0.2055304488056057,0.19518611396260754,0.19627884270949403,0.22430342106618922
Philippines,F. Construction,0.30331390006212927,0.2507977866648157,0.1784633866085855,0.1948984569828095,0.1751850436383206,0.1825939423144495,0.16679464053612814,0.16080621737576084,0.17217311411817593,0.17874201029880799
Philippines,G. Wholesale and retail trade; repair of motor vehicles and motorcycles,0.23254589968463538,0.1854887366583195,0.16239027508950896,0.17981113988134836,0.16180106541458353,0.168314108162917,0.1535549046874417,0.14739209587511257,0.16034414203853534,0.1616777583831294
Philippines,H. Transportation and storage,0.22510491486121964,0.17311926131984973,0.20198676421144243,0.22595155001074618,0.20855919446545979,0.21174793442359624,0.20343349446583556,0.18434125806155435,0.20239856328066458,0.21347336592269747
Philippines,I. Accommodation and food service activities,0.22965419989147057,0.17525499806893804,0.16195953165425825,0.1812183797466627,0.16824346985095115,0.17518095754399704,0.15758250319520706,0.15278613415050554,0.16432942348366347,0.1676566296902437
Philippines,J. Information and communication,0.26879498997886886,0.21708874164170525,0.31517656691898405,0.3492513483916527,0.33130805768525806,0.32212350289632463,0.3070447314815802,0.29660113095877855,0.30594125011532314,0.32768186492443163
Philippines,K. Financial and insurance activities,0.438715625523667,0.33506150031947063,0.33294074525793366,0.36628321512518464,0.3299977381388783,0.32189862361834776,0.3147890007846622,0.27009227180273554,0.2947167870189323,0.29726267271065543
Philippines,L. Real estate activities,0.38725788820011053,0.3028296732144796,0.28424280688375875,0.32375045628686544,0.25025543431633296,0.2814203535825076,0.3398439897063982,0.2514828397526298,0.2955004097749968,0.30124149454136856
Philippines,"M. Professional, scientific and technical activities",0.3690486489167923,0.30541035511962794,0.33986454714307435,0.3891743169342981,0.36329389375492344,0.37981306910018175,0.3314850958554525,0.3149408610951146,0.3362637192380864,0.354214436169882
Philippines,N. Administrative and support service activities,0.46259937193248435,0.3865861493912261,0.2763059602527507,0.3083475763065156,0.27916825906889314,0.2933710809264223,0.26995033229875026,0.23786999052604602,0.2581999665863257,0.2662689982004662
Philippines,P. Education,0.37910305280013945,0.2940197591244903,0.3892644377821022,0.4368754840052264,0.3947181643047116,0.40854942826451424,0.36272971551802713,0.333337370581718,0.34620453362930487,0.35219310957139144
Philippines,"R. Arts, entertainment and recreation",0.25857119782311877,0.2034734198662673,0.2141273477012859,0.23717535402743517,0.211343623501517,0.23753676876587457,0.21127899604738928,0.19811025050137318,0.18950983471187005,0.2061965901681313
Philippines,S. Other service activities,0.10866257674649898,0.08686219336604571,0.1029317275643493,0.1155386573055365,0.10348404607957071,0.1044242990091257,0.09434125265855395,0.09455181303261181,0.10280384252179774,0.11089636032982152
Philippines,U. Activities of extraterritorial organizations and bodies,1.0969221545946268,0.5796300547994455,0.6470404535887909,0.4540949827208001,0.288145507865817,0.4251824634320192,0.385666057468892,0.4573931534969726,0.35911565141970125,0.639001622962134
Philippines,Total,0.2504405607477767,0.19860571985897021,0.19203978154926454,0.21380664353676052,0.19612675781707,0.20301779959642202,0.1859998499376089,0.1780671398570183,0.19113678481493734,0.20118937410309842
Poland,A. Agriculture; forestry and fishing,1.0193257047452733,0.8234130267691978,0.9154359593465679,0.8570281472456007,0.8489443228452855,0.8031305339501478,0.7715084978289876,0.7863593476244584,0.708614077331275,0.6910522161041481
Poland,B. Mining and quarrying,1.7946141021139452,1.4976963224406374,1.4685205188486572,1.4696930262766073,1.3856121650358546,1.2628798419833678,1.173204683326681,1.201106711786374,1.1250879494455044,1.1155627945744317
Poland,C. Manufacturing,0.8998602484833125,0.6991371364323403,0.7535226822309161,0.7310226874638214,0.7194591349277887,0.6777253709084669,0.6579450463980926,0.7026225393553627,0.6378530398640585,0.6332375645597845
Poland,"D. Electricity; gas, steam and air conditioning supply",1.6201037556185458,1.268301456961967,1.3651017697374594,1.345720572830235,1.2926249085064825,1.209228266011838,1.161737320026494,1.1998526635538433,1.0744636965766712,1.0464204329309048
Poland,"E. Water supply; sewerage, waste management and remediation activities",0.9956167785531418,0.757945188488332,0.8058825843189583,0.7694656092759669,0.7496804746335527,0.706535417803119,0.6804533008096165,0.7036115567758637,0.6259968022033281,0.6153484486108326
Poland,F. Construction,0.8400159051642953,0.6508804324314202,0.6856106335533024,0.6460389293424557,0.6311504421371089,0.5942750997438218,0.5688597447272189,0.6078449353070777,0.554420256325585,0.5457108865258122
Poland,G. Wholesale and retail trade; repair of motor vehicles and motorcycles,0.8125027613132457,0.6261135165911255,0.6748391078998248,0.6483448224342934,0.6367403310484957,0.6054774596890841,0.5886670086093599,0.6380519837123181,0.5833394391911763,0.5785179157747552
Poland,H. Transportation and storage,0.9107427293168918,0.6913807589013625,0.7354365039742694,0.7033451481928589,0.6865230730526602,0.6408668913868891,0.6106472498346888,0.6430358558117062,0.5810183767919856,0.5722041101457134
Poland,I. Accommodation and food service activities,0.6240591188445969,0.47488421433412,0.5056792566437016,0.49025470226519896,0.48224504314515004,0.4542908554557895,0.44530465915755424,0.48639618173599763,0.4336622801514788,0.4294006828300318
Poland,J. Information and communication,1.7083169592302274,1.3208442282019879,1.3705102253850971,1.3309028219560595,1.3068402976439357,1.2347869132206994,1.2122370427061837,1.2774679064816672,1.1665534155499637,1.1338233108545037
Poland,K. Financial and insurance activities,1.6627686612455792,1.3131948351886786,1.3912590279605812,1.3282899312632375,1.2602151048296706,1.2026210319608412,1.1583796977142786,1.2090705644795596,1.0907738647871998,1.0592956444097352
Poland,L. Real estate activities,1.0434252840955334,0.7952694120899858,0.8638476131690979,0.8269833153626036,0.8018763030104857,0.752744282288331,0.7253953462346112,0.7737089744746498,0.6867208130794501,0.6757010024178501
Poland,"M. Professional, scientific and technical activities",1.2507597971393958,0.9498954727829714,1.0130302177603094,0.9609229575875995,0.9353726052444197,0.8980825444743786,0.8597950103207453,0.92153152592576,0.8470623128721855,0.8358983452409903
Poland,N. Administrative and support service activities,0.655385781620234,0.5216030158935531,0.5719498579429412,0.5501601674706025,0.5436696433413417,0.5264900304914453,0.5079893015186705,0.5419233689392965,0.49783651891828956,0.49928584513579877
Poland,O. Public administration and defence; compulsory social security,1.2801238928587209,0.9749632825792093,1.0202238419853495,0.9759521956980087,0.94824025997155,0.8842762798556991,0.8670585763308402,0.907368537897538,0.804091292779062,0.8032151161024207
Poland,P. Education,1.042960220812047,0.8071781262129787,0.871154701498634,0.8437453843763465,0.8168297371821633,0.7634592803963226,0.7172788358468165,0.7279297498211268,0.6482664549523192,0.6534169825506436
Poland,Q. Human health and social work activities,0.9677966929349912,0.7280563888646501,0.7666542612579085,0.7284166189399102,0.7032221441748513,0.6586416738233432,0.6429779033894071,0.6851046490968131,0.6389194739393623,0.651188580563923
Poland,"R. Arts, entertainment and recreation",0.9049759446016618,0.6840991251675393,0.7249902420870135,0.702362755869709,0.6822359940712521,0.6421618814116367,0.6257430114400115,0.6591057728533128,0.5937528542794368,0.582293819141143
Poland,S. Other service activities,0.7252196842685369,0.5454271306718929,0.5903915570603417,0.6208173708793675,0.6044973897272474,0.5616705928304201,0.5293332191606359,0.5647677321030284,0.5243091765523014,0.49792404392169176
Poland,Total,0.9945471330011232,0.7681020311345005,0.8200580331073128,0.7898775386569675,0.7684332362857594,0.7217828809977272,0.6948721224326379,0.7326873761053676,0.6643256974980704,0.6607830891178592
Singapore,Total,1.751704753215287,1.5020321327768689,1.4795474252900125,1.4482928031364204,1.4996557075962602,1.3164399328289214,0.9863149837470723,1.005659957583117,1.1924991657827602,1.1316921381642322
Slovakia,A. Agriculture; forestry and fishing,0.6783636188014442,0.5645410389212678,0.5720879581254448,0.5887815922144958,0.6053116438842283,0.545888570450556,0.5387840779406448,0.5802260448209695,0.6034164080126894,0.6294926008212056
Slovakia,B. Mining and quarrying,0.9196601556169877,0.7658114252479069,0.7184541301879235,0.7559846096612354,0.7573365129384377,0.7056590788475379,0.7061000931837119,0.7159604204774398,0.7501134739487691,0.7545397958211006
Slovakia,C. Manufacturing,0.8349944240040041,0.7044463521432369,0.7160960527621356,0.7456861973530217,0.748183792530767,0.6830267235195592,0.6705105413150534,0.73122281299518,0.7708177161418461,0.7873185258750605
Slovakia,"D. Electricity; gas, steam and air conditioning supply",1.2900627529055448,1.112718058347957,1.141027729765552,1.1656776471648191,1.1262501951766526,1.0145559285280779,1.0151313350911073,1.0717748677363022,1.081636105158295,1.1369691580238501
Slovakia,"E. Water supply; sewerage, waste management and remediation activities",0.8265246577168672,0.6569942223372981,0.6389777336242242,0.6545577783591933,0.6498999276072052,0.5844991766370732,0.5706229084158551,0.6167095128193566,0.6306222386924414,0.6653024822564994
Slovakia,F. Construction,0.8138319825080567,0.6422642536399511,0.6555026502340315,0.6601007824347034,0.6495251884341865,0.5984793961265192,0.5893539546529097,0.6351808630507079,0.6590540832011091,0.6816945585101172
Slovakia,G. Wholesale and retail trade; repair of motor vehicles and motorcycles,0.8752118439423607,0.6741752672304926,0.6476321840206875,0.6894208276737313,0.6830359550880779,0.6377560127694005,0.6218188453907858,0.6654108321831711,0.6961635580572985,0.7181171771656089
Slovakia,H. Transportation and storage,0.8148857140348258,0.6430871569191323,0.6460580907780186,0.6632690657114483,0.6442674842794078,0.5958153543010626,0.5756144699695417,0.6392289121805989,0.6708630908605802,0.7017251009119909
Slovakia,I. Accommodation and food service activities,0.5238562422816161,0.4180877667492411,0.43201815903364155,0.439806645220591,0.4386833028148022,0.3961022188048352,0.3901934687520857,0.43339071650857963,0.4456427582629843,0.47226856808099665
Slovakia,J. Information and communication,1.6202479302557455,1.341808453391493,1.3416909313854593,1.339223197800221,1.3717497764340163,1.2289152939701153,1.183699470859506,1.2426490312177925,1.3072067274212955,1.308757900263635
Slovakia,K. Financial and insurance activities,1.4678559996040523,1.2730783959381495,1.281887637916905,1.226698425076813,1.2618830643444194,1.1456999874898037,1.1293845129363396,1.1420374347765525,1.1879755557044345,1.2013119885979255
Slovakia,L. Real estate activities,0.9048440517254455,0.7379914165310101,0.6917006699389839,0.7013063649379038,0.702584848613891,0.6417520755075854,0.6417963719706254,0.7223840054412585,0.7078398802374496,0.6962646904629691
Slovakia,"M. Professional, scientific and technical activities",1.2064587356339271,0.9065396417490574,0.8781970323748718,0.9350791310073202,0.9796249769336683,0.8487913260238187,0.8359540159526697,0.9014733274510569,0.921574957745115,0.9639657862502212
Slovakia,N. Administrative and support service activities,0.6984723287706226,0.5399950096793998,0.49575974804708317,0.5475760097112954,0.5479651946798394,0.4946297656873213,0.49195928243928144,0.530147028064209,0.5665616892767943,0.6009596516824237
Slovakia,O. Public administration and defence; compulsory social security,1.0022024585472395,0.7159023413655551,0.7090095707319105,0.7393436641643594,0.7386506550838196,0.6657164517482924,0.6636464391559159,0.7393245807915585,0.765515604388223,0.840127798330894
Slovakia,P. Education,0.7566830128100226,0.561267059446239,0.5681557874569881,0.6046289752333924,0.613169810785107,0.5651968735909154,0.5568890639150336,0.6102915973921346,0.6222418238185966,0.6804799289762732
Slovakia,Q. Human health and social work activities,0.8053622162209196,0.6275401628231696,0.6547125411744819,0.6941762359064348,0.6894405882269443,0.6410860650512213,0.6399238313651746,0.6773735544017564,0.7084024666697659,0.7436135524697808
Slovakia,"R. Arts, entertainment and recreation",0.7164655928716659,0.5473599940280733,0.5374640316631613,0.5547061387427643,0.5491745801927636,0.5152640896462074,0.5019480457292013,0.5578370448014465,0.5875949914585845,0.6367749555709935
Slovakia,S. Other service activities,0.670955566855673,0.529361923736263,0.5358899384204924,0.5459888847553367,0.5236468934974237,0.4839795984796961,0.46261905283218774,0.5036816312318125,0.5280404409206413,0.56392971826001
Slovakia,Total,0.8836736274149012,0.6995383218709763,0.6987810270927785,0.7227027186674834,0.7275277150846712,0.6637184203792,0.6517851352605453,0.7054774473105373,0.7366432440882131,0.7660733539393426
Ukraine,F. Construction,0.22066006340370367,0.2254417547622695,0.24810658745594044,0.254229034753158,0.23706948576484493,0.17149262194559098,0.1977305443665731,0.23544309904385838,0.25233296220209533,0.30198224314378935
Ukraine,Total,0.2816677839601907,0.26369631275215766,0.30139394800443015,0.3071956104599023,0.2884619647868902,0.2025925388683027,0.21662152152062733,0.26756946668346415,0.2851421091892961,0.33880405588513424
United States,A. Agriculture; forestry and fishing,1.3573108868306245,1.1463985027224837,1.0798258733338753,1.1190250614079176,1.1022163594120282,1.0289729195931205,1.0601514066032867,1.1034674881480948,1.077999882763732,1.0977186172645894
United States,B. Mining and quarrying,2.8284254278518564,2.3430317511047374,2.2669162675243077,2.1979030272767806,2.260847127342466,1.999099476268485,1.9568017382920286,1.9995367962278954,1.9780281702008908,2.114792601551964
United States,C. Manufacturing,2.234356722424978,1.8695307091665794,1.8013624108681052,1.7912337949057322,1.7596577579818042,1.5803670954131288,1.5771428811480441,1.6162689005197408,1.637476639481473,1.6673399801685713
United States,"D. Electricity; gas, steam and air conditioning supply",2.79099868133001,2.2860889757400003,2.237293798101712,2.231988373652324,2.209112274636701,2.011819095118655,2.0510387109690376,2.0776279985536603,2.070615142263749,2.0877250864849035
United States,"E. Water supply; sewerage, waste management and remediation activities",2.0775595584961146,1.792463844686941,1.617302194846804,1.5875721059236152,1.5578918324293218,1.3962616739033276,1.4595356334715812,1.5088319182897267,1.5124790978224696,1.494846854269997
United States,F. Construction,2.0572225459637385,1.7345445839854046,1.6879773978331052,1.6675959168232073,1.6565925637642704,1.4843211456506038,1.5007997405496096,1.523794274640858,1.5568393404262308,1.587926964742372
United States,G. Wholesale and retail trade; repair of motor vehicles and motorcycles,1.5022471797500396,1.2541845580873152,1.2359607869776952,1.223003683929932,1.1967527544551053,1.0729840649685856,1.0982139568045435,1.1231368198569835,1.1378508352847079,1.1814370307964774
United States,H. Transportation and storage,2.125461212345958,1.7828971187785914,1.7031583565988504,1.6613510068936044,1.636141329398362,1.47841308533113,1.4425575702158746,1.462319522374832,1.478260866027718,1.4893344007866745
United States,I. Accommodation and food service activities,0.9577238123737348,0.8273000770102567,0.7744293498536138,0.7775959495304869,0.780578864034633,0.718466982903434,0.7121192798776272,0.743680531390405,0.7631553602581528,0.7960775837230013
United States,J. Information and communication,2.887466335257169,2.3988423695572445,2.371570447466332,2.3658658107534993,2.350793384836834,2.1596916356886995,2.1752780146047606,2.1946299574464976,2.2395342765996507,2.301872149557586
United States,K. Financial and insurance activities,2.6167796102979395,2.1301060571574135,2.0888874535478474,2.1369366579919693,2.1052210259809025,1.8754838177149595,1.882460933492801,1.9187738729771386,1.958235861000887,1.9845183428152853
United States,L. Real estate activities,2.150116475356907,1.8086631231727757,1.687509674631696,1.7018818678473269,1.7362472048808746,1.5266888909875493,1.5650816243103536,1.5572465219695215,1.6381770643646905,1.6893055809359805
United States,"M. Professional, scientific and technical activities",2.6568236518711226,2.262040075996033,2.174102166337961,2.1142290839672184,2.1330173320272587,1.8990788779965089,1.9233689082508254,1.9456492998861394,1.961164910512523,2.0293829069386233
United States,N. Administrative and support service activities,1.496394060401099,1.2354756651127028,1.2041956998419765,1.1991230088080704,1.1610535770818435,1.0888529142093124,1.0816283659014945,1.0998464612685976,1.116173038899074,1.1792404707197366
United States,O. Public administration and defence; compulsory social security,2.349889967656075,1.9589192147076617,1.9137763414468463,1.9025606529245211,1.8807215713258618,1.6866675639680446,1.6510984816011447,1.699793441092696,1.6977131794381592,1.7367000489176734
United States,P. Education,2.013530327262106,1.6770451648054874,1.5793453434257607,1.60009245257717,1.574613047785333,1.4098104289720268,1.39454875307736,1.4190254174799475,1.4432714593615454,1.4650108313745847
United States,Q. Human health and social work activities,1.8804090883709343,1.5629567692959045,1.518055786014408,1.52287274578703,1.4994931900540491,1.3365601480695994,1.3542948989070982,1.3772379762022517,1.3922677928654505,1.4389468565342785
United States,"R. Arts, entertainment and recreation",1.3926185979717394,1.1868636776937964,1.1621763383286912,1.137860093521015,1.1033362167175107,0.9990161908366688,1.0075782813634948,1.0040600521166092,1.073135821074723,1.0686475306259335
United States,S. Other service activities,1.5532472069538723,1.263892803609694,1.2224458137103034,1.2363875027664906,1.2689090354388,1.1417726263094214,1.1679904535024936,1.1461682768214134,1.1796357783178522,1.234445709836933
United States,T. Activities of households as employers; undifferentiated goods- and services-producing activities of households for own use,0.7973872866467839,0.6821339742599409,0.6410836923851322,0.6472247328087812,0.6490360817598025,0.6218484457971716,0.6027612196135048,0.6236113074248656,0.6373300437371652,0.6411815006117366
United States,U. Activities of extraterritorial organizations and bodies,3.036686515919253,2.6744187966351354,2.5163597325959643,2.485038054919883,2.3674209239163413,2.2607049665631296,2.1658623121442435,2.1131910132887444,2.120072921517592,2.0933884218904306
United States,Total,1.9409333205427592,1.6197391557647425,1.5645697447679034,1.5606954439849678,1.542890854150934,1.3862451134875546,1.393494892130409,1.422225729220516,1.4462960213572564,1.4853377842892177
